/*
SQLyog Ultimate v12.08 (32 bit)
MySQL - 5.7.20-log : Database - demo
*********************************************************************
*/

/*!40101 SET NAMES utf8 */;

/*!40101 SET SQL_MODE=''*/;

/*!40014 SET @OLD_UNIQUE_CHECKS=@@UNIQUE_CHECKS, UNIQUE_CHECKS=0 */;
/*!40014 SET @OLD_FOREIGN_KEY_CHECKS=@@FOREIGN_KEY_CHECKS, FOREIGN_KEY_CHECKS=0 */;
/*!40101 SET @OLD_SQL_MODE=@@SQL_MODE, SQL_MODE='NO_AUTO_VALUE_ON_ZERO' */;
/*!40111 SET @OLD_SQL_NOTES=@@SQL_NOTES, SQL_NOTES=0 */;

CREATE DATABASE /*!32312 IF NOT EXISTS*/`demo` /*!40100 DEFAULT CHARACTER SET utf8 */;

USE `demo`;

/*Table structure for table `acl_permission` */

DROP TABLE IF EXISTS `acl_permission`;

CREATE TABLE `acl_permission` (
  `id` char(19) NOT NULL DEFAULT '' COMMENT '编号',
  `pid` char(19) NOT NULL DEFAULT '' COMMENT '所属上级',
  `name` varchar(20) NOT NULL DEFAULT '' COMMENT '名称',
  `type` tinyint(3) NOT NULL DEFAULT '0' COMMENT '类型(1:菜单,2:按钮)',
  `permission_value` varchar(50) DEFAULT NULL COMMENT '权限值',
  `path` varchar(100) DEFAULT NULL COMMENT '访问路径',
  `component` varchar(100) DEFAULT NULL COMMENT '组件路径',
  `icon` varchar(50) DEFAULT NULL COMMENT '图标',
  `status` tinyint(4) DEFAULT NULL COMMENT '状态(0:禁止,1:正常)',
  `is_deleted` tinyint(1) unsigned NOT NULL DEFAULT '0' COMMENT '逻辑删除 1（true）已删除， 0（false）未删除',
  `gmt_create` datetime DEFAULT NULL COMMENT '创建时间',
  `gmt_modified` datetime DEFAULT NULL COMMENT '更新时间',
  PRIMARY KEY (`id`),
  KEY `idx_pid` (`pid`)
) ENGINE=InnoDB DEFAULT CHARSET=utf8mb4 COMMENT='权限';

/*Data for the table `acl_permission` */

insert  into `acl_permission`(`id`,`pid`,`name`,`type`,`permission_value`,`path`,`component`,`icon`,`status`,`is_deleted`,`gmt_create`,`gmt_modified`) values ('1','0','全部数据',0,NULL,NULL,NULL,NULL,NULL,0,'2019-11-15 17:13:06','2019-11-15 17:13:06'),('1195268474480156673','1','权限管理',1,NULL,'/acl','Layout',NULL,NULL,0,'2019-11-15 17:13:06','2019-11-18 13:54:25'),('1195268616021139457','1195268474480156673','用户管理',1,NULL,'user/list','/acl/user/list',NULL,NULL,0,'2019-11-15 17:13:40','2019-11-18 13:53:12'),('1195268788138598401','1195268474480156673','角色管理',1,NULL,'role/list','/acl/role/list',NULL,NULL,0,'2019-11-15 17:14:21','2019-11-15 17:14:21'),('1195268893830864898','1195268474480156673','菜单管理',1,NULL,'menu/list','/acl/menu/list',NULL,NULL,0,'2019-11-15 17:14:46','2019-11-15 17:14:46'),('1195269143060602882','1195268616021139457','查看',2,'user.list','','',NULL,NULL,0,'2019-11-15 17:15:45','2019-11-17 21:57:16'),('1195269295926206466','1195268616021139457','添加',2,'user.add','user/add','/acl/user/form',NULL,NULL,0,'2019-11-15 17:16:22','2019-11-15 17:16:22'),('1195269473479483394','1195268616021139457','修改',2,'user.update','user/update/:id','/acl/user/form',NULL,NULL,0,'2019-11-15 17:17:04','2019-11-15 17:17:04'),('1195269547269873666','1195268616021139457','删除',2,'user.remove','','',NULL,NULL,0,'2019-11-15 17:17:22','2019-11-15 17:17:22'),('1195269821262782465','1195268788138598401','修改',2,'role.update','role/update/:id','/acl/role/form',NULL,NULL,0,'2019-11-15 17:18:27','2019-11-15 17:19:53'),('1195269903542444034','1195268788138598401','查看',2,'role.list','','',NULL,NULL,0,'2019-11-15 17:18:47','2019-11-15 17:18:47'),('1195270037005197313','1195268788138598401','添加',2,'role.add','role/add','/acl/role/form',NULL,NULL,0,'2019-11-15 17:19:19','2019-11-18 11:05:42'),('1195270442602782721','1195268788138598401','删除',2,'role.remove','','',NULL,NULL,0,'2019-11-15 17:20:55','2019-11-15 17:20:55'),('1195270621548568578','1195268788138598401','角色权限',2,'role.acl','role/distribution/:id','/acl/role/roleForm',NULL,NULL,0,'2019-11-15 17:21:38','2019-11-15 17:21:38'),('1195270744097742849','1195268893830864898','查看',2,'permission.list','','',NULL,NULL,0,'2019-11-15 17:22:07','2019-11-15 17:22:07'),('1195270810560684034','1195268893830864898','添加',2,'permission.add','','',NULL,NULL,0,'2019-11-15 17:22:23','2019-11-15 17:22:23'),('1195270862100291586','1195268893830864898','修改',2,'permission.update','','',NULL,NULL,0,'2019-11-15 17:22:35','2019-11-15 17:22:35'),('1195270887933009922','1195268893830864898','删除',2,'permission.remove','','',NULL,NULL,0,'2019-11-15 17:22:41','2019-11-15 17:22:41'),('1195349439240048642','1','讲师管理',1,NULL,'/edu/teacher','Layout',NULL,NULL,0,'2019-11-15 22:34:49','2019-11-15 22:34:49'),('1195349699995734017','1195349439240048642','讲师列表',1,NULL,'list','/edu/teacher/list',NULL,NULL,0,'2019-11-15 22:35:52','2019-11-15 22:35:52'),('1195349810561781761','1195349439240048642','添加讲师',1,NULL,'create','/edu/teacher/form',NULL,NULL,0,'2019-11-15 22:36:18','2019-11-15 22:36:18'),('1195349876252971010','1195349810561781761','添加',2,'teacher.add','','',NULL,NULL,0,'2019-11-15 22:36:34','2019-11-15 22:36:34'),('1195349979797753857','1195349699995734017','查看',2,'teacher.list','','',NULL,NULL,0,'2019-11-15 22:36:58','2019-11-15 22:36:58'),('1195350117270261762','1195349699995734017','修改',2,'teacher.update','edit/:id','/edu/teacher/form',NULL,NULL,0,'2019-11-15 22:37:31','2019-11-15 22:37:31'),('1195350188359520258','1195349699995734017','删除',2,'teacher.remove','','',NULL,NULL,0,'2019-11-15 22:37:48','2019-11-15 22:37:48'),('1195350299365969922','1','课程分类',1,NULL,'/edu/subject','Layout',NULL,NULL,0,'2019-11-15 22:38:15','2019-11-15 22:38:15'),('1195350397751758850','1195350299365969922','课程分类列表',1,NULL,'list','/edu/subject/list',NULL,NULL,0,'2019-11-15 22:38:38','2019-11-15 22:38:38'),('1195350500512206850','1195350299365969922','导入课程分类',1,NULL,'import','/edu/subject/import',NULL,NULL,0,'2019-11-15 22:39:03','2019-11-15 22:39:03'),('1195350612172967938','1195350397751758850','查看',2,'subject.list','','',NULL,NULL,0,'2019-11-15 22:39:29','2019-11-15 22:39:29'),('1195350687590748161','1195350500512206850','导入',2,'subject.import','','',NULL,NULL,0,'2019-11-15 22:39:47','2019-11-15 22:39:47'),('1195350831744782337','1','课程管理',1,NULL,'/edu/course','Layout',NULL,NULL,0,'2019-11-15 22:40:21','2019-11-15 22:40:21'),('1195350919074385921','1195350831744782337','课程列表',1,NULL,'list','/edu/course/list',NULL,NULL,0,'2019-11-15 22:40:42','2019-11-15 22:40:42'),('1195351020463296513','1195350831744782337','发布课程',1,NULL,'info','/edu/course/info',NULL,NULL,0,'2019-11-15 22:41:06','2019-11-15 22:41:06'),('1195351159672246274','1195350919074385921','完成发布',2,'course.publish','publish/:id','/edu/course/publish',NULL,NULL,0,'2019-11-15 22:41:40','2019-11-15 22:44:01'),('1195351326706208770','1195350919074385921','编辑课程',2,'course.update','info/:id','/edu/course/info',NULL,NULL,0,'2019-11-15 22:42:19','2019-11-15 22:42:19'),('1195351566221938690','1195350919074385921','编辑课程大纲',2,'chapter.update','chapter/:id','/edu/course/chapter',NULL,NULL,0,'2019-11-15 22:43:17','2019-11-15 22:43:17'),('1195351862889254913','1','统计分析',1,NULL,'/statistics/daily','Layout',NULL,NULL,0,'2019-11-15 22:44:27','2019-11-15 22:44:27'),('1195351968841568257','1195351862889254913','生成统计',1,NULL,'create','/statistics/daily/create',NULL,NULL,0,'2019-11-15 22:44:53','2019-11-15 22:44:53'),('1195352054917074946','1195351862889254913','统计图表',1,NULL,'chart','/statistics/daily/chart',NULL,NULL,0,'2019-11-15 22:45:13','2019-11-15 22:45:13'),('1195352127734386690','1195352054917074946','查看',2,'daily.list','','',NULL,NULL,0,'2019-11-15 22:45:30','2019-11-15 22:45:30'),('1195352215768633346','1195351968841568257','生成',2,'daily.add','','',NULL,NULL,0,'2019-11-15 22:45:51','2019-11-15 22:45:51'),('1195352547621965825','1','CMS管理',1,NULL,'/cms','Layout',NULL,NULL,0,'2019-11-15 22:47:11','2019-11-18 10:51:46'),('1195352856645701633','1195353513549205505','查看',2,'banner.list','',NULL,NULL,NULL,0,'2019-11-15 22:48:24','2019-11-15 22:48:24'),('1195352909401657346','1195353513549205505','添加',2,'banner.add','banner/add','/cms/banner/form',NULL,NULL,0,'2019-11-15 22:48:37','2019-11-18 10:52:10'),('1195353051395624961','1195353513549205505','修改',2,'banner.update','banner/update/:id','/cms/banner/form',NULL,NULL,0,'2019-11-15 22:49:11','2019-11-18 10:52:05'),('1195353513549205505','1195352547621965825','Bander列表',1,NULL,'banner/list','/cms/banner/list',NULL,NULL,0,'2019-11-15 22:51:01','2019-11-18 10:51:29'),('1195353672110673921','1195353513549205505','删除',2,'banner.remove','','',NULL,NULL,0,'2019-11-15 22:51:39','2019-11-15 22:51:39'),('1195354076890370050','1','订单管理',1,NULL,'/order','Layout',NULL,NULL,0,'2019-11-15 22:53:15','2019-11-15 22:53:15'),('1195354153482555393','1195354076890370050','订单列表',1,NULL,'list','/order/list',NULL,NULL,0,'2019-11-15 22:53:33','2019-11-15 22:53:58'),('1195354315093282817','1195354153482555393','查看',2,'order.list','','',NULL,NULL,0,'2019-11-15 22:54:12','2019-11-15 22:54:12'),('1196301740985311234','1195268616021139457','分配角色',2,'user.assgin','user/role/:id','/acl/user/roleForm',NULL,NULL,0,'2019-11-18 13:38:56','2019-11-18 13:38:56');

/*Table structure for table `acl_role` */

DROP TABLE IF EXISTS `acl_role`;

CREATE TABLE `acl_role` (
  `id` char(19) NOT NULL DEFAULT '' COMMENT '角色id',
  `role_name` varchar(20) NOT NULL DEFAULT '' COMMENT '角色名称',
  `role_code` varchar(20) DEFAULT NULL COMMENT '角色编码',
  `remark` varchar(255) DEFAULT NULL COMMENT '备注',
  `is_deleted` tinyint(1) unsigned NOT NULL DEFAULT '0' COMMENT '逻辑删除 1（true）已删除， 0（false）未删除',
  `gmt_create` datetime NOT NULL COMMENT '创建时间',
  `gmt_modified` datetime NOT NULL COMMENT '更新时间',
  PRIMARY KEY (`id`)
) ENGINE=InnoDB DEFAULT CHARSET=utf8;

/*Data for the table `acl_role` */

insert  into `acl_role`(`id`,`role_name`,`role_code`,`remark`,`is_deleted`,`gmt_create`,`gmt_modified`) values ('1','普通管理员',NULL,NULL,0,'2019-11-11 13:09:32','2019-11-18 10:27:18'),('1193757683205607426','课程管理员',NULL,NULL,0,'2019-11-11 13:09:45','2019-11-18 10:25:44'),('1196300996034977794','test',NULL,NULL,0,'2019-11-18 13:35:58','2019-11-18 13:35:58'),('1397177355226591233','系统管理员','002','全部权限',0,'2021-05-25 21:06:54','2021-05-25 21:17:17'),('1397179558905638913','测试角色','003','测试使用角色',0,'2021-05-25 21:15:40','2021-05-25 21:17:02'),('1397190802236628994','游客2号','','',0,'2021-05-25 22:00:20','2021-05-25 22:00:20');

/*Table structure for table `acl_role_permission` */

DROP TABLE IF EXISTS `acl_role_permission`;

CREATE TABLE `acl_role_permission` (
  `id` char(19) NOT NULL DEFAULT '',
  `role_id` char(19) NOT NULL DEFAULT '',
  `permission_id` char(19) NOT NULL DEFAULT '',
  `is_deleted` tinyint(1) unsigned NOT NULL DEFAULT '0' COMMENT '逻辑删除 1（true）已删除， 0（false）未删除',
  `gmt_create` datetime NOT NULL COMMENT '创建时间',
  `gmt_modified` datetime NOT NULL COMMENT '更新时间',
  PRIMARY KEY (`id`),
  KEY `idx_role_id` (`role_id`),
  KEY `idx_permission_id` (`permission_id`)
) ENGINE=InnoDB DEFAULT CHARSET=utf8 COMMENT='角色权限';

/*Data for the table `acl_role_permission` */

insert  into `acl_role_permission`(`id`,`role_id`,`permission_id`,`is_deleted`,`gmt_create`,`gmt_modified`) values ('1196301979754455041','1','1',1,'2019-11-18 13:39:53','2019-11-18 13:39:53'),('1196301979792203778','1','1195268474480156673',1,'2019-11-18 13:39:53','2019-11-18 13:39:53'),('1196301979821563906','1','1195268616021139457',1,'2019-11-18 13:39:53','2019-11-18 13:39:53'),('1196301979842535426','1','1195269143060602882',1,'2019-11-18 13:39:53','2019-11-18 13:39:53'),('1196301979855118338','1','1195269295926206466',1,'2019-11-18 13:39:53','2019-11-18 13:39:53'),('1196301979880284161','1','1195269473479483394',1,'2019-11-18 13:39:53','2019-11-18 13:39:53'),('1196301979913838593','1','1195269547269873666',1,'2019-11-18 13:39:53','2019-11-18 13:39:53'),('1196301979926421506','1','1196301740985311234',1,'2019-11-18 13:39:53','2019-11-18 13:39:53'),('1196301979951587330','1','1195268788138598401',1,'2019-11-18 13:39:53','2019-11-18 13:39:53'),('1196301980014501889','1','1195269821262782465',1,'2019-11-18 13:39:53','2019-11-18 13:39:53'),('1196301980035473410','1','1195269903542444034',1,'2019-11-18 13:39:53','2019-11-18 13:39:53'),('1196301980052250626','1','1195270037005197313',1,'2019-11-18 13:39:53','2019-11-18 13:39:53'),('1196301980077416450','1','1195270442602782721',1,'2019-11-18 13:39:53','2019-11-18 13:39:53'),('1196301980094193665','1','1195270621548568578',1,'2019-11-18 13:39:53','2019-11-18 13:39:53'),('1196301980119359489','1','1195268893830864898',1,'2019-11-18 13:39:53','2019-11-18 13:39:53'),('1196301980136136706','1','1195270744097742849',1,'2019-11-18 13:39:53','2019-11-18 13:39:53'),('1196301980249382913','1','1195270810560684034',1,'2019-11-18 13:39:53','2019-11-18 13:39:53'),('1196301980270354434','1','1195270862100291586',1,'2019-11-18 13:39:53','2019-11-18 13:39:53'),('1196301980287131649','1','1195270887933009922',1,'2019-11-18 13:39:53','2019-11-18 13:39:53'),('1196301980303908866','1','1195349439240048642',1,'2019-11-18 13:39:53','2019-11-18 13:39:53'),('1196301980320686082','1','1195349699995734017',1,'2019-11-18 13:39:53','2019-11-18 13:39:53'),('1196301980345851905','1','1195349979797753857',1,'2019-11-18 13:39:53','2019-11-18 13:39:53'),('1196301980362629121','1','1195350117270261762',1,'2019-11-18 13:39:53','2019-11-18 13:39:53'),('1196301980383600641','1','1195350188359520258',1,'2019-11-18 13:39:53','2019-11-18 13:39:53'),('1196301980408766465','1','1195349810561781761',1,'2019-11-18 13:39:53','2019-11-18 13:39:53'),('1196301980421349378','1','1195349876252971010',1,'2019-11-18 13:39:53','2019-11-18 13:39:53'),('1196301980438126593','1','1195350299365969922',1,'2019-11-18 13:39:53','2019-11-18 13:39:53'),('1196301980450709506','1','1195350397751758850',1,'2019-11-18 13:39:53','2019-11-18 13:39:53'),('1196301980501041153','1','1195350612172967938',1,'2019-11-18 13:39:53','2019-11-18 13:39:53'),('1196301980517818370','1','1195350500512206850',1,'2019-11-18 13:39:53','2019-11-18 13:39:53'),('1196301980538789889','1','1195350687590748161',1,'2019-11-18 13:39:53','2019-11-18 13:39:53'),('1196301980622675970','1','1195350831744782337',1,'2019-11-18 13:39:53','2019-11-18 13:39:53'),('1196301980639453186','1','1195350919074385921',1,'2019-11-18 13:39:53','2019-11-18 13:39:53'),('1196301980660424705','1','1195351159672246274',1,'2019-11-18 13:39:53','2019-11-18 13:39:53'),('1196301980677201922','1','1195351326706208770',1,'2019-11-18 13:39:53','2019-11-18 13:39:53'),('1196301980698173441','1','1195351566221938690',1,'2019-11-18 13:39:53','2019-11-18 13:39:53'),('1196301980714950658','1','1195351020463296513',1,'2019-11-18 13:39:53','2019-11-18 13:39:53'),('1196301980723339266','1','1195351862889254913',1,'2019-11-18 13:39:53','2019-11-18 13:39:53'),('1196301980744310786','1','1195351968841568257',1,'2019-11-18 13:39:53','2019-11-18 13:39:53'),('1196301980761088001','1','1195352215768633346',1,'2019-11-18 13:39:53','2019-11-18 13:39:53'),('1196301980777865217','1','1195352054917074946',1,'2019-11-18 13:39:53','2019-11-18 13:39:53'),('1196301980794642434','1','1195352127734386690',1,'2019-11-18 13:39:53','2019-11-18 13:39:53'),('1196301980811419650','1','1195352547621965825',1,'2019-11-18 13:39:53','2019-11-18 13:39:53'),('1196301980828196865','1','1195353513549205505',1,'2019-11-18 13:39:53','2019-11-18 13:39:53'),('1196301980844974082','1','1195352856645701633',1,'2019-11-18 13:39:53','2019-11-18 13:39:53'),('1196301980861751298','1','1195352909401657346',1,'2019-11-18 13:39:53','2019-11-18 13:39:53'),('1196301980886917122','1','1195353051395624961',1,'2019-11-18 13:39:53','2019-11-18 13:39:53'),('1196301980928860162','1','1195353672110673921',1,'2019-11-18 13:39:53','2019-11-18 13:39:53'),('1196301980954025986','1','1195354076890370050',1,'2019-11-18 13:39:53','2019-11-18 13:39:53'),('1196301980970803201','1','1195354153482555393',1,'2019-11-18 13:39:53','2019-11-18 13:39:53'),('1196301980987580418','1','1195354315093282817',1,'2019-11-18 13:39:53','2019-11-18 13:39:53'),('1196305293070077953','1','1',1,'2019-11-18 13:53:03','2019-11-18 13:53:03'),('1196305293099438081','1','1195268474480156673',1,'2019-11-18 13:53:03','2019-11-18 13:53:03'),('1196305293120409602','1','1195268616021139457',1,'2019-11-18 13:53:03','2019-11-18 13:53:03'),('1196305293153964034','1','1195269143060602882',1,'2019-11-18 13:53:03','2019-11-18 13:53:03'),('1196305293183324162','1','1195269295926206466',1,'2019-11-18 13:53:03','2019-11-18 13:53:03'),('1196305293212684290','1','1195269473479483394',1,'2019-11-18 13:53:03','2019-11-18 13:53:03'),('1196305293237850114','1','1195269547269873666',1,'2019-11-18 13:53:03','2019-11-18 13:53:03'),('1196305293271404545','1','1196301740985311234',1,'2019-11-18 13:53:03','2019-11-18 13:53:03'),('1196305293485314049','1','1195268788138598401',1,'2019-11-18 13:53:03','2019-11-18 13:53:03'),('1196305293506285569','1','1195269821262782465',1,'2019-11-18 13:53:03','2019-11-18 13:53:03'),('1196305293527257089','1','1195269903542444034',1,'2019-11-18 13:53:03','2019-11-18 13:53:03'),('1196305293552422914','1','1195270037005197313',1,'2019-11-18 13:53:03','2019-11-18 13:53:03'),('1196305293565005825','1','1195270442602782721',1,'2019-11-18 13:53:03','2019-11-18 13:53:03'),('1196305293594365954','1','1195270621548568578',1,'2019-11-18 13:53:03','2019-11-18 13:53:03'),('1196305293611143169','1','1195268893830864898',1,'2019-11-18 13:53:03','2019-11-18 13:53:03'),('1196305293627920385','1','1195270744097742849',1,'2019-11-18 13:53:03','2019-11-18 13:53:03'),('1196305293657280513','1','1195349439240048642',1,'2019-11-18 13:53:03','2019-11-18 13:53:03'),('1196305293674057729','1','1195349699995734017',1,'2019-11-18 13:53:03','2019-11-18 13:53:03'),('1196305293690834946','1','1195349979797753857',1,'2019-11-18 13:53:03','2019-11-18 13:53:03'),('1196305293716000770','1','1195350117270261762',1,'2019-11-18 13:53:03','2019-11-18 13:53:03'),('1196305293736972290','1','1195350188359520258',1,'2019-11-18 13:53:03','2019-11-18 13:53:03'),('1196305293749555202','1','1195349810561781761',1,'2019-11-18 13:53:03','2019-11-18 13:53:03'),('1196305293766332417','1','1195349876252971010',1,'2019-11-18 13:53:03','2019-11-18 13:53:03'),('1196305293795692546','1','1195350299365969922',1,'2019-11-18 13:53:03','2019-11-18 13:53:03'),('1196305293812469762','1','1195350397751758850',1,'2019-11-18 13:53:03','2019-11-18 13:53:03'),('1196305293837635586','1','1195350612172967938',1,'2019-11-18 13:53:03','2019-11-18 13:53:03'),('1196305293858607106','1','1195350500512206850',1,'2019-11-18 13:53:03','2019-11-18 13:53:03'),('1196305293875384322','1','1195350687590748161',1,'2019-11-18 13:53:03','2019-11-18 13:53:03'),('1196305293892161538','1','1195350831744782337',1,'2019-11-18 13:53:03','2019-11-18 13:53:03'),('1196305293950881794','1','1195350919074385921',1,'2019-11-18 13:53:03','2019-11-18 13:53:03'),('1196305293976047617','1','1195351159672246274',1,'2019-11-18 13:53:03','2019-11-18 13:53:03'),('1196305294127042561','1','1195351326706208770',1,'2019-11-18 13:53:03','2019-11-18 13:53:03'),('1196305294156402690','1','1195351566221938690',1,'2019-11-18 13:53:03','2019-11-18 13:53:03'),('1196305294177374209','1','1195351862889254913',1,'2019-11-18 13:53:03','2019-11-18 13:53:03'),('1196305294194151425','1','1195351968841568257',1,'2019-11-18 13:53:03','2019-11-18 13:53:03'),('1196305294223511554','1','1195352215768633346',1,'2019-11-18 13:53:03','2019-11-18 13:53:03'),('1196305294240288770','1','1195352054917074946',1,'2019-11-18 13:53:03','2019-11-18 13:53:03'),('1196305294248677377','1','1195352127734386690',1,'2019-11-18 13:53:03','2019-11-18 13:53:03'),('1196305294248677378','1','1195352547621965825',1,'2019-11-18 13:53:03','2019-11-18 13:53:03'),('1196305294319980546','1','1195353513549205505',1,'2019-11-18 13:53:03','2019-11-18 13:53:03'),('1196305294319980547','1','1195352856645701633',1,'2019-11-18 13:53:03','2019-11-18 13:53:03'),('1196305294319980548','1','1195352909401657346',1,'2019-11-18 13:53:03','2019-11-18 13:53:03'),('1196305294378700802','1','1195353051395624961',1,'2019-11-18 13:53:03','2019-11-18 13:53:03'),('1196305294378700803','1','1195353672110673921',1,'2019-11-18 13:53:03','2019-11-18 13:53:03'),('1196305294458392577','1','1195354076890370050',1,'2019-11-18 13:53:03','2019-11-18 13:53:03'),('1196305294483558402','1','1195354153482555393',1,'2019-11-18 13:53:03','2019-11-18 13:53:03'),('1196305294500335618','1','1195354315093282817',1,'2019-11-18 13:53:03','2019-11-18 13:53:03'),('1196305566656139266','1','1',1,'2019-11-18 13:54:08','2019-11-18 13:54:08'),('1196305566689693698','1','1195268474480156673',1,'2019-11-18 13:54:08','2019-11-18 13:54:08'),('1196305566706470913','1','1195268616021139457',1,'2019-11-18 13:54:08','2019-11-18 13:54:08'),('1196305566740025346','1','1195269143060602882',1,'2019-11-18 13:54:08','2019-11-18 13:54:08'),('1196305566756802561','1','1195269295926206466',1,'2019-11-18 13:54:08','2019-11-18 13:54:08'),('1196305566781968385','1','1195269473479483394',1,'2019-11-18 13:54:08','2019-11-18 13:54:08'),('1196305566811328514','1','1195269547269873666',1,'2019-11-18 13:54:08','2019-11-18 13:54:08'),('1196305566828105730','1','1196301740985311234',1,'2019-11-18 13:54:08','2019-11-18 13:54:08'),('1196305566853271554','1','1195268788138598401',1,'2019-11-18 13:54:08','2019-11-18 13:54:08'),('1196305566878437378','1','1195269821262782465',1,'2019-11-18 13:54:08','2019-11-18 13:54:08'),('1196305566895214593','1','1195269903542444034',1,'2019-11-18 13:54:08','2019-11-18 13:54:08'),('1196305566916186113','1','1195270037005197313',1,'2019-11-18 13:54:08','2019-11-18 13:54:08'),('1196305566949740546','1','1195270442602782721',1,'2019-11-18 13:54:08','2019-11-18 13:54:08'),('1196305566966517761','1','1195270621548568578',1,'2019-11-18 13:54:08','2019-11-18 13:54:08'),('1196305566991683585','1','1195268893830864898',1,'2019-11-18 13:54:08','2019-11-18 13:54:08'),('1196305567012655106','1','1195270744097742849',1,'2019-11-18 13:54:08','2019-11-18 13:54:08'),('1196305567029432322','1','1195270810560684034',1,'2019-11-18 13:54:08','2019-11-18 13:54:08'),('1196305567042015233','1','1195270862100291586',1,'2019-11-18 13:54:08','2019-11-18 13:54:08'),('1196305567100735490','1','1195270887933009922',1,'2019-11-18 13:54:08','2019-11-18 13:54:08'),('1196305567117512705','1','1195349439240048642',1,'2019-11-18 13:54:08','2019-11-18 13:54:08'),('1196305567142678530','1','1195349699995734017',1,'2019-11-18 13:54:08','2019-11-18 13:54:08'),('1196305567155261442','1','1195349979797753857',1,'2019-11-18 13:54:08','2019-11-18 13:54:08'),('1196305567172038658','1','1195350117270261762',1,'2019-11-18 13:54:08','2019-11-18 13:54:08'),('1196305567188815873','1','1195350188359520258',1,'2019-11-18 13:54:08','2019-11-18 13:54:08'),('1196305567218176001','1','1195349810561781761',1,'2019-11-18 13:54:08','2019-11-18 13:54:08'),('1196305567234953217','1','1195349876252971010',1,'2019-11-18 13:54:08','2019-11-18 13:54:08'),('1196305567251730434','1','1195350299365969922',1,'2019-11-18 13:54:08','2019-11-18 13:54:08'),('1196305567272701954','1','1195350397751758850',1,'2019-11-18 13:54:08','2019-11-18 13:54:08'),('1196305567289479170','1','1195350612172967938',1,'2019-11-18 13:54:08','2019-11-18 13:54:08'),('1196305567310450690','1','1195350500512206850',1,'2019-11-18 13:54:08','2019-11-18 13:54:08'),('1196305567327227905','1','1195350687590748161',1,'2019-11-18 13:54:08','2019-11-18 13:54:08'),('1196305567448862722','1','1195350831744782337',1,'2019-11-18 13:54:08','2019-11-18 13:54:08'),('1196305567478222850','1','1195350919074385921',1,'2019-11-18 13:54:08','2019-11-18 13:54:08'),('1196305567495000065','1','1195351159672246274',1,'2019-11-18 13:54:08','2019-11-18 13:54:08'),('1196305567520165889','1','1195351326706208770',1,'2019-11-18 13:54:08','2019-11-18 13:54:08'),('1196305567541137409','1','1195351566221938690',1,'2019-11-18 13:54:08','2019-11-18 13:54:08'),('1196305567570497538','1','1195351862889254913',1,'2019-11-18 13:54:08','2019-11-18 13:54:08'),('1196305567587274754','1','1195351968841568257',1,'2019-11-18 13:54:08','2019-11-18 13:54:08'),('1196305567604051970','1','1195352215768633346',1,'2019-11-18 13:54:08','2019-11-18 13:54:08'),('1196305567633412098','1','1195352054917074946',1,'2019-11-18 13:54:08','2019-11-18 13:54:08'),('1196305567683743745','1','1195352127734386690',1,'2019-11-18 13:54:08','2019-11-18 13:54:08'),('1196305567721492481','1','1195352547621965825',1,'2019-11-18 13:54:08','2019-11-18 13:54:08'),('1196305567742464002','1','1195353513549205505',1,'2019-11-18 13:54:08','2019-11-18 13:54:08'),('1196305567771824129','1','1195352856645701633',1,'2019-11-18 13:54:08','2019-11-18 13:54:08'),('1196305567792795650','1','1195352909401657346',1,'2019-11-18 13:54:08','2019-11-18 13:54:08'),('1196305567809572866','1','1195353051395624961',1,'2019-11-18 13:54:08','2019-11-18 13:54:08'),('1196305567843127298','1','1195353672110673921',1,'2019-11-18 13:54:08','2019-11-18 13:54:08'),('1196305567868293122','1','1195354076890370050',1,'2019-11-18 13:54:08','2019-11-18 13:54:08'),('1196305567885070338','1','1195354153482555393',1,'2019-11-18 13:54:08','2019-11-18 13:54:08'),('1196305567910236162','1','1195354315093282817',1,'2019-11-18 13:54:08','2019-11-18 13:54:08'),('1196312702601695234','1','1',0,'2019-11-18 14:22:29','2019-11-18 14:22:29'),('1196312702652026881','1','1195268474480156673',0,'2019-11-18 14:22:29','2019-11-18 14:22:29'),('1196312702668804098','1','1195268616021139457',0,'2019-11-18 14:22:29','2019-11-18 14:22:29'),('1196312702698164226','1','1195269143060602882',0,'2019-11-18 14:22:29','2019-11-18 14:22:29'),('1196312702723330049','1','1195269295926206466',0,'2019-11-18 14:22:29','2019-11-18 14:22:29'),('1196312702744301569','1','1195269473479483394',0,'2019-11-18 14:22:29','2019-11-18 14:22:29'),('1196312702765273089','1','1195269547269873666',0,'2019-11-18 14:22:29','2019-11-18 14:22:29'),('1196312702790438913','1','1196301740985311234',0,'2019-11-18 14:22:29','2019-11-18 14:22:29'),('1196312702945628161','1','1195268788138598401',0,'2019-11-18 14:22:29','2019-11-18 14:22:29'),('1196312702970793985','1','1195269821262782465',0,'2019-11-18 14:22:29','2019-11-18 14:22:29'),('1196312703000154114','1','1195269903542444034',0,'2019-11-18 14:22:29','2019-11-18 14:22:29'),('1196312703025319938','1','1195270037005197313',0,'2019-11-18 14:22:29','2019-11-18 14:22:29'),('1196312703046291458','1','1195270442602782721',0,'2019-11-18 14:22:29','2019-11-18 14:22:29'),('1196312703063068673','1','1195270621548568578',0,'2019-11-18 14:22:29','2019-11-18 14:22:29'),('1196312703084040193','1','1195268893830864898',0,'2019-11-18 14:22:29','2019-11-18 14:22:29'),('1196312703113400321','1','1195270744097742849',0,'2019-11-18 14:22:29','2019-11-18 14:22:29'),('1196312703134371842','1','1195270810560684034',0,'2019-11-18 14:22:30','2019-11-18 14:22:30'),('1196312703159537665','1','1195270862100291586',0,'2019-11-18 14:22:30','2019-11-18 14:22:30'),('1196312703184703490','1','1195270887933009922',0,'2019-11-18 14:22:30','2019-11-18 14:22:30'),('1196312703209869313','1','1195349439240048642',0,'2019-11-18 14:22:30','2019-11-18 14:22:30'),('1196312703230840834','1','1195349699995734017',0,'2019-11-18 14:22:30','2019-11-18 14:22:30'),('1196312703251812354','1','1195349979797753857',0,'2019-11-18 14:22:30','2019-11-18 14:22:30'),('1196312703272783873','1','1195350117270261762',0,'2019-11-18 14:22:30','2019-11-18 14:22:30'),('1196312703293755394','1','1195350188359520258',0,'2019-11-18 14:22:30','2019-11-18 14:22:30'),('1196312703327309826','1','1195349810561781761',0,'2019-11-18 14:22:30','2019-11-18 14:22:30'),('1196312703348281345','1','1195349876252971010',0,'2019-11-18 14:22:30','2019-11-18 14:22:30'),('1196312703365058561','1','1195350299365969922',0,'2019-11-18 14:22:30','2019-11-18 14:22:30'),('1196312703386030082','1','1195350397751758850',0,'2019-11-18 14:22:30','2019-11-18 14:22:30'),('1196312703440556034','1','1195350612172967938',0,'2019-11-18 14:22:30','2019-11-18 14:22:30'),('1196312703486693378','1','1195350500512206850',0,'2019-11-18 14:22:30','2019-11-18 14:22:30'),('1196312703511859202','1','1195350687590748161',0,'2019-11-18 14:22:30','2019-11-18 14:22:30'),('1196312703654465537','1','1195350831744782337',0,'2019-11-18 14:22:30','2019-11-18 14:22:30'),('1196312703683825665','1','1195350919074385921',0,'2019-11-18 14:22:30','2019-11-18 14:22:30'),('1196312703700602882','1','1195351159672246274',0,'2019-11-18 14:22:30','2019-11-18 14:22:30'),('1196312703717380098','1','1195351326706208770',0,'2019-11-18 14:22:30','2019-11-18 14:22:30'),('1196312703738351618','1','1195351566221938690',0,'2019-11-18 14:22:30','2019-11-18 14:22:30'),('1196312703759323137','1','1195351020463296513',0,'2019-11-18 14:22:30','2019-11-18 14:22:30'),('1196312703776100353','1','1195351862889254913',0,'2019-11-18 14:22:30','2019-11-18 14:22:30'),('1196312703792877570','1','1195351968841568257',0,'2019-11-18 14:22:30','2019-11-18 14:22:30'),('1196312703830626305','1','1195352215768633346',0,'2019-11-18 14:22:30','2019-11-18 14:22:30'),('1196312703843209217','1','1195352054917074946',0,'2019-11-18 14:22:30','2019-11-18 14:22:30'),('1196312703868375041','1','1195352127734386690',0,'2019-11-18 14:22:30','2019-11-18 14:22:30'),('1196312703889346561','1','1195352547621965825',0,'2019-11-18 14:22:30','2019-11-18 14:22:30'),('1196312703901929473','1','1195353513549205505',0,'2019-11-18 14:22:30','2019-11-18 14:22:30'),('1196312703918706689','1','1195352856645701633',0,'2019-11-18 14:22:30','2019-11-18 14:22:30'),('1196312703952261121','1','1195352909401657346',0,'2019-11-18 14:22:30','2019-11-18 14:22:30'),('1196312703973232642','1','1195353051395624961',0,'2019-11-18 14:22:30','2019-11-18 14:22:30'),('1196312703990009857','1','1195353672110673921',0,'2019-11-18 14:22:30','2019-11-18 14:22:30'),('1196312704048730114','1','1195354076890370050',0,'2019-11-18 14:22:30','2019-11-18 14:22:30'),('1196312704069701633','1','1195354153482555393',0,'2019-11-18 14:22:30','2019-11-18 14:22:30'),('1196312704094867457','1','1195354315093282817',0,'2019-11-18 14:22:30','2019-11-18 14:22:30');

/*Table structure for table `acl_user` */

DROP TABLE IF EXISTS `acl_user`;

CREATE TABLE `acl_user` (
  `id` char(19) NOT NULL COMMENT '会员id',
  `username` varchar(20) NOT NULL DEFAULT '' COMMENT '微信openid',
  `password` varchar(32) NOT NULL DEFAULT '' COMMENT '密码',
  `nick_name` varchar(50) DEFAULT NULL COMMENT '昵称',
  `salt` varchar(255) DEFAULT NULL COMMENT '用户头像',
  `token` varchar(100) DEFAULT NULL COMMENT '用户签名',
  `is_deleted` tinyint(1) unsigned NOT NULL DEFAULT '0' COMMENT '逻辑删除 1（true）已删除， 0（false）未删除',
  `gmt_create` datetime NOT NULL COMMENT '创建时间',
  `gmt_modified` datetime NOT NULL COMMENT '更新时间',
  PRIMARY KEY (`id`),
  UNIQUE KEY `uk_username` (`username`)
) ENGINE=InnoDB DEFAULT CHARSET=utf8mb4 COMMENT='用户表';

/*Data for the table `acl_user` */

insert  into `acl_user`(`id`,`username`,`password`,`nick_name`,`salt`,`token`,`is_deleted`,`gmt_create`,`gmt_modified`) values ('1','admin','96e79218965eb72c92a549dd5a330112','admin','',NULL,0,'2019-11-01 10:39:47','2019-11-01 10:39:47'),('12345','guest','e10adc3949ba59abbe56e057f20f883e',NULL,NULL,NULL,0,'2021-05-20 17:09:48','2021-05-20 17:09:50'),('1395262494674644994','myadmin','e10adc3949ba59abbe56e057f20f883e',NULL,NULL,NULL,0,'2021-05-20 14:17:56','2021-05-25 22:00:03'),('1397139346854797313','123','e10adc3949ba59abbe56e057f20f883e',NULL,NULL,NULL,0,'2021-05-25 18:35:53','2021-05-25 21:52:32'),('1397139669723930625','12345','fcea920f7412b5da7be0cf42b8c93759',NULL,NULL,NULL,0,'2021-05-25 18:37:10','2021-05-25 21:52:38'),('1397170869108846593','test用户','e10adc3949ba59abbe56e057f20f883e',NULL,NULL,NULL,0,'2021-05-25 20:41:08','2021-05-25 21:59:55'),('2','test','96e79218965eb72c92a549dd5a330112','test',NULL,NULL,0,'2019-11-01 16:36:07','2019-11-01 16:40:08');

/*Table structure for table `acl_user_role` */

DROP TABLE IF EXISTS `acl_user_role`;

CREATE TABLE `acl_user_role` (
  `id` char(19) NOT NULL DEFAULT '' COMMENT '主键id',
  `role_id` char(19) NOT NULL DEFAULT '0' COMMENT '角色id',
  `user_id` char(19) NOT NULL DEFAULT '0' COMMENT '用户id',
  `is_deleted` tinyint(1) unsigned NOT NULL DEFAULT '0' COMMENT '逻辑删除 1（true）已删除， 0（false）未删除',
  `gmt_create` datetime NOT NULL COMMENT '创建时间',
  `gmt_modified` datetime NOT NULL COMMENT '更新时间',
  PRIMARY KEY (`id`),
  KEY `idx_role_id` (`role_id`),
  KEY `idx_user_id` (`user_id`)
) ENGINE=InnoDB DEFAULT CHARSET=utf8;

/*Data for the table `acl_user_role` */

insert  into `acl_user_role`(`id`,`role_id`,`user_id`,`is_deleted`,`gmt_create`,`gmt_modified`) values ('1','1','2',0,'2019-11-11 13:09:53','2019-11-11 13:09:53'),('1397188813121433601','1397179558905638913','1397139014334570497',0,'2021-05-25 21:52:26','2021-05-25 21:52:26'),('1397188835858755585','1397179558905638913','1397139346854797313',0,'2021-05-25 21:52:32','2021-05-25 21:52:32'),('1397188863960592386','1397179558905638913','1397139669723930625',0,'2021-05-25 21:52:38','2021-05-25 21:52:38'),('1397188882201620482','1397179558905638913','1397170869108846593',0,'2021-05-25 21:52:43','2021-05-25 21:59:55'),('2','1','12345',0,'2021-05-20 17:09:23','2021-05-20 17:09:27');

/*Table structure for table `apps` */

DROP TABLE IF EXISTS `apps`;

CREATE TABLE `apps` (
  `id` char(10) DEFAULT NULL,
  `app_name` char(20) DEFAULT NULL,
  `url` char(30) DEFAULT NULL,
  `country` char(30) DEFAULT NULL
) ENGINE=InnoDB DEFAULT CHARSET=utf8;

/*Data for the table `apps` */

insert  into `apps`(`id`,`app_name`,`url`,`country`) values ('1','QQ APP','http://im.qq.com/','cn'),('2','微博 APP','http://weibo.com/','cn'),('3','淘宝','12','cn'),('4','淘飘飘',NULL,NULL);

/*Table structure for table `employee_tbl` */

DROP TABLE IF EXISTS `employee_tbl`;

CREATE TABLE `employee_tbl` (
  `id` char(19) NOT NULL,
  `name` char(10) NOT NULL DEFAULT '',
  `singin` int(4) NOT NULL DEFAULT '0' COMMENT '登录次数',
  `date` datetime NOT NULL,
  PRIMARY KEY (`id`)
) ENGINE=InnoDB DEFAULT CHARSET=utf8;

/*Data for the table `employee_tbl` */

insert  into `employee_tbl`(`id`,`name`,`singin`,`date`) values ('1','denny',2,'2021-05-21 14:11:03'),('2','小杜',3,'2016-04-20 15:25:47'),('3','小丽',2,'2016-04-19 15:26:02'),('4','小王',4,'2016-04-07 15:26:14'),('5','小明',4,'2016-04-11 15:26:40'),('6','krest',2,'2021-05-21 14:16:56');

/*Table structure for table `goods_innodb` */

DROP TABLE IF EXISTS `goods_innodb`;

CREATE TABLE `goods_innodb` (
  `id` int(11) NOT NULL AUTO_INCREMENT,
  `name` varchar(20) NOT NULL,
  PRIMARY KEY (`id`)
) ENGINE=InnoDB AUTO_INCREMENT=2 DEFAULT CHARSET=utf8;

/*Data for the table `goods_innodb` */

insert  into `goods_innodb`(`id`,`name`) values (1,'Meta20');

/*Table structure for table `my_dept` */

DROP TABLE IF EXISTS `my_dept`;

CREATE TABLE `my_dept` (
  `dept_id` int(32) NOT NULL AUTO_INCREMENT COMMENT 'id值',
  `parent_id` int(32) DEFAULT NULL COMMENT '上级部门',
  `ancestors` varchar(50) DEFAULT NULL COMMENT '祖级列表',
  `dept_name` varchar(255) DEFAULT NULL COMMENT '名称',
  `sort` int(5) DEFAULT NULL COMMENT '排序',
  `status` bit(1) NOT NULL COMMENT '状态',
  `create_time` datetime DEFAULT NULL COMMENT '创建时间',
  `update_time` datetime DEFAULT NULL COMMENT '更新时间',
  PRIMARY KEY (`dept_id`) USING BTREE
) ENGINE=InnoDB AUTO_INCREMENT=8 DEFAULT CHARSET=utf8 ROW_FORMAT=DYNAMIC;

/*Data for the table `my_dept` */

insert  into `my_dept`(`dept_id`,`parent_id`,`ancestors`,`dept_name`,`sort`,`status`,`create_time`,`update_time`) values (1,0,'0','南京总公司',1,'','2020-08-19 11:01:09','2020-09-08 18:21:26'),(2,1,'0,1','研发部门',1,'','2020-08-19 11:01:28','2020-08-19 11:01:30'),(3,1,'0,1','市场部门',2,'','2020-08-19 11:01:47','2020-08-19 11:01:48'),(4,1,'0,1','运维部门',3,'','2020-08-19 11:02:01','2020-08-19 11:02:04'),(5,0,'0','苏州分公司',2,'','2020-08-19 11:07:36','2020-08-27 14:18:48'),(6,5,'0,5','营销部门',1,'','2020-08-19 11:08:40','2020-08-21 20:32:40'),(7,5,'0,5','运维部门',2,'','2020-08-19 11:08:56','2020-09-08 18:03:56');

/*Table structure for table `my_dict` */

DROP TABLE IF EXISTS `my_dict`;

CREATE TABLE `my_dict` (
  `dict_id` int(32) NOT NULL AUTO_INCREMENT COMMENT 'id',
  `dict_name` varchar(255) DEFAULT NULL COMMENT '字典名称',
  `description` varchar(255) DEFAULT NULL COMMENT '字典描述',
  `sort` int(32) DEFAULT NULL COMMENT '字典排序',
  `create_by` varchar(255) DEFAULT NULL COMMENT '创建者',
  `update_by` varchar(255) DEFAULT NULL COMMENT '更新者',
  `create_time` datetime DEFAULT NULL COMMENT '创建时间',
  `update_time` datetime DEFAULT NULL COMMENT '更新时间',
  PRIMARY KEY (`dict_id`) USING BTREE
) ENGINE=InnoDB AUTO_INCREMENT=2 DEFAULT CHARSET=utf8 ROW_FORMAT=DYNAMIC;

/*Data for the table `my_dict` */

insert  into `my_dict`(`dict_id`,`dict_name`,`description`,`sort`,`create_by`,`update_by`,`create_time`,`update_time`) values (1,'性别','性别字典',1,'admin','admin','2020-11-07 15:06:18','2020-11-07 15:06:20');

/*Table structure for table `my_dict_detail` */

DROP TABLE IF EXISTS `my_dict_detail`;

CREATE TABLE `my_dict_detail` (
  `id` int(32) NOT NULL AUTO_INCREMENT COMMENT 'id值',
  `dict_id` int(32) DEFAULT NULL COMMENT '字典id',
  `label` varchar(255) DEFAULT NULL COMMENT '字典标签',
  `value` varchar(255) DEFAULT NULL COMMENT '字典值',
  `sort` int(32) DEFAULT NULL COMMENT '字典详情排序',
  `create_by` varchar(255) DEFAULT NULL COMMENT '创建者',
  `update_by` varchar(255) DEFAULT NULL COMMENT '更新者',
  `create_time` datetime DEFAULT NULL COMMENT '创建时间',
  `update_time` datetime DEFAULT NULL COMMENT '更新时间',
  PRIMARY KEY (`id`) USING BTREE
) ENGINE=InnoDB AUTO_INCREMENT=3 DEFAULT CHARSET=utf8 ROW_FORMAT=DYNAMIC;

/*Data for the table `my_dict_detail` */

insert  into `my_dict_detail`(`id`,`dict_id`,`label`,`value`,`sort`,`create_by`,`update_by`,`create_time`,`update_time`) values (1,1,'男','1',1,NULL,NULL,NULL,NULL),(2,1,'女','2',2,NULL,NULL,NULL,NULL);

/*Table structure for table `my_job` */

DROP TABLE IF EXISTS `my_job`;

CREATE TABLE `my_job` (
  `job_id` int(32) NOT NULL AUTO_INCREMENT COMMENT 'id值',
  `job_name` varchar(255) NOT NULL COMMENT '岗位名称',
  `status` tinyint(1) DEFAULT NULL COMMENT '岗位状态',
  `sort` int(5) DEFAULT NULL COMMENT '排序',
  `create_time` datetime DEFAULT NULL COMMENT '创建时间',
  `update_time` datetime DEFAULT NULL COMMENT '更新时间',
  PRIMARY KEY (`job_id`) USING BTREE
) ENGINE=InnoDB AUTO_INCREMENT=4 DEFAULT CHARSET=utf8 ROW_FORMAT=DYNAMIC;

/*Data for the table `my_job` */

insert  into `my_job`(`job_id`,`job_name`,`status`,`sort`,`create_time`,`update_time`) values (1,'部门经理',1,1,'2020-08-19 11:14:55','2020-08-19 11:14:57'),(2,'人事专员',1,2,'2020-08-19 11:15:30','2020-08-19 11:15:33'),(3,'普通员工',1,3,'2020-08-19 11:16:19','2020-09-02 10:48:34');

/*Table structure for table `my_log` */

DROP TABLE IF EXISTS `my_log`;

CREATE TABLE `my_log` (
  `log_id` bigint(20) NOT NULL AUTO_INCREMENT COMMENT 'id值',
  `user_name` varchar(255) DEFAULT NULL COMMENT '用户名',
  `ip` varchar(64) DEFAULT NULL COMMENT '请求ip',
  `description` varchar(255) DEFAULT NULL COMMENT '操作描述',
  `params` varchar(255) DEFAULT NULL COMMENT '参数值',
  `browser` varchar(255) DEFAULT NULL COMMENT '浏览器',
  `time` bigint(20) DEFAULT NULL COMMENT '执行时间',
  `type` varchar(255) DEFAULT NULL COMMENT '日志类型',
  `method` varchar(255) DEFAULT NULL COMMENT '执行方法',
  `create_time` datetime DEFAULT NULL COMMENT '创建时间',
  `exception_detail` text COMMENT '异常详细信息',
  PRIMARY KEY (`log_id`) USING BTREE
) ENGINE=InnoDB AUTO_INCREMENT=2766 DEFAULT CHARSET=utf8 ROW_FORMAT=DYNAMIC;

/*Data for the table `my_log` */

insert  into `my_log`(`log_id`,`user_name`,`ip`,`description`,`params`,`browser`,`time`,`type`,`method`,`create_time`,`exception_detail`) values (2629,'admin','192.168.31.61','查询岗位','{ pageTableRequest: PageTableRequest(page=null, limit=null, offset=0) jobQueryDto: JobQueryDto(queryName=null, queryStatus=null) }','Chrome 8',1,'ERROR','com.codermy.myspringsecurityplus.admin.controller.JobController.getJobAll()','2020-10-31 11:21:05','java.lang.NullPointerException\r\n	at com.codermy.myspringsecurityplus.admin.service.impl.JobServiceImpl.getJobAll(JobServiceImpl.java:35)\r\n	at com.codermy.myspringsecurityplus.admin.controller.JobController.getJobAll(JobController.java:44)\r\n	at com.codermy.myspringsecurityplus.admin.controller.JobController$$FastClassBySpringCGLIB$$fc005977.invoke(<generated>)\r\n	at org.springframework.cglib.proxy.MethodProxy.invoke(MethodProxy.java:218)\r\n	at org.springframework.aop.framework.CglibAopProxy$CglibMethodInvocation.invokeJoinpoint(CglibAopProxy.java:771)\r\n	at org.springframework.aop.framework.ReflectiveMethodInvocation.proceed(ReflectiveMethodInvocation.java:163)\r\n	at org.springframework.aop.framework.CglibAopProxy$CglibMethodInvocation.proceed(CglibAopProxy.java:749)\r\n	at org.springframework.aop.aspectj.AspectJAfterThrowingAdvice.invoke(AspectJAfterThrowingAdvice.java:62)\r\n	at org.springframework.aop.framework.ReflectiveMethodInvocation.proceed(ReflectiveMethodInvocation.java:175)\r\n	at org.springframework.aop.framework.CglibAopProxy$CglibMethodInvocation.proceed(CglibAopProxy.java:749)\r\n	at org.springframework.aop.aspectj.MethodInvocationProceedingJoinPoint.proceed(MethodInvocationProceedingJoinPoint.java:88)\r\n	at com.codermy.myspringsecurityplus.log.aspect.LogAspect.saveSysLog(LogAspect.java:46)\r\n	at sun.reflect.NativeMethodAccessorImpl.invoke0(Native Method)\r\n	at sun.reflect.NativeMethodAccessorImpl.invoke(NativeMethodAccessorImpl.java:62)\r\n	at sun.reflect.DelegatingMethodAccessorImpl.invoke(DelegatingMethodAccessorImpl.java:43)\r\n	at java.lang.reflect.Method.invoke(Method.java:498)\r\n	at org.springframework.aop.aspectj.AbstractAspectJAdvice.invokeAdviceMethodWithGivenArgs(AbstractAspectJAdvice.java:644)\r\n	at org.springframework.aop.aspectj.AbstractAspectJAdvice.invokeAdviceMethod(AbstractAspectJAdvice.java:633)\r\n	at org.springframework.aop.aspectj.AspectJAroundAdvice.invoke(AspectJAroundAdvice.java:70)\r\n	at org.springframework.aop.framework.ReflectiveMethodInvocation.proceed(ReflectiveMethodInvocation.java:175)\r\n	at org.springframework.aop.framework.CglibAopProxy$CglibMethodInvocation.proceed(CglibAopProxy.java:749)\r\n	at org.springframework.security.access.intercept.aopalliance.MethodSecurityInterceptor.invoke(MethodSecurityInterceptor.java:69)\r\n	at org.springframework.aop.framework.ReflectiveMethodInvocation.proceed(ReflectiveMethodInvocation.java:186)\r\n	at org.springframework.aop.framework.CglibAopProxy$CglibMethodInvocation.proceed(CglibAopProxy.java:749)\r\n	at org.springframework.aop.interceptor.ExposeInvocationInterceptor.invoke(ExposeInvocationInterceptor.java:95)\r\n	at org.springframework.aop.framework.ReflectiveMethodInvocation.proceed(ReflectiveMethodInvocation.java:186)\r\n	at org.springframework.aop.framework.CglibAopProxy$CglibMethodInvocation.proceed(CglibAopProxy.java:749)\r\n	at org.springframework.aop.framework.CglibAopProxy$DynamicAdvisedInterceptor.intercept(CglibAopProxy.java:691)\r\n	at com.codermy.myspringsecurityplus.admin.controller.JobController$$EnhancerBySpringCGLIB$$d9741499.getJobAll(<generated>)\r\n	at sun.reflect.NativeMethodAccessorImpl.invoke0(Native Method)\r\n	at sun.reflect.NativeMethodAccessorImpl.invoke(NativeMethodAccessorImpl.java:62)\r\n	at sun.reflect.DelegatingMethodAccessorImpl.invoke(DelegatingMethodAccessorImpl.java:43)\r\n	at java.lang.reflect.Method.invoke(Method.java:498)\r\n	at org.springframework.web.method.support.InvocableHandlerMethod.doInvoke(InvocableHandlerMethod.java:190)\r\n	at org.springframework.web.method.support.InvocableHandlerMethod.invokeForRequest(InvocableHandlerMethod.java:138)\r\n	at org.springframework.web.servlet.mvc.method.annotation.ServletInvocableHandlerMethod.invokeAndHandle(ServletInvocableHandlerMethod.java:105)\r\n	at org.springframework.web.servlet.mvc.method.annotation.RequestMappingHandlerAdapter.invokeHandlerMethod(RequestMappingHandlerAdapter.java:879)\r\n	at org.springframework.web.servlet.mvc.method.annotation.RequestMappingHandlerAdapter.handleInternal(RequestMappingHandlerAdapter.java:793)\r\n	at org.springframework.web.servlet.mvc.method.AbstractHandlerMethodAdapter.handle(AbstractHandlerMethodAdapter.java:87)\r\n	at org.springframework.web.servlet.DispatcherServlet.doDispatch(DispatcherServlet.java:1040)\r\n	at org.springframework.web.servlet.DispatcherServlet.doService(DispatcherServlet.java:943)\r\n	at org.springframework.web.servlet.FrameworkServlet.processRequest(FrameworkServlet.java:1006)\r\n	at org.springframework.web.servlet.FrameworkServlet.doGet(FrameworkServlet.java:898)\r\n	at javax.servlet.http.HttpServlet.service(HttpServlet.java:634)\r\n	at org.springframework.web.servlet.FrameworkServlet.service(FrameworkServlet.java:883)\r\n	at javax.servlet.http.HttpServlet.service(HttpServlet.java:741)\r\n	at org.apache.catalina.core.ApplicationFilterChain.internalDoFilter(ApplicationFilterChain.java:231)\r\n	at org.apache.catalina.core.ApplicationFilterChain.doFilter(ApplicationFilterChain.java:166)\r\n	at org.apache.tomcat.websocket.server.WsFilter.doFilter(WsFilter.java:53)\r\n	at org.apache.catalina.core.ApplicationFilterChain.internalDoFilter(ApplicationFilterChain.java:193)\r\n	at org.apache.catalina.core.ApplicationFilterChain.doFilter(ApplicationFilterChain.java:166)\r\n	at org.springframework.web.filter.OncePerRequestFilter.doFilter(OncePerRequestFilter.java:113)\r\n	at org.apache.catalina.core.ApplicationFilterChain.internalDoFilter(ApplicationFilterChain.java:193)\r\n	at org.apache.catalina.core.ApplicationFilterChain.doFilter(ApplicationFilterChain.java:166)\r\n	at com.codermy.myspringsecurityplus.security.filter.JwtAuthenticationTokenFilter.doFilterInternal(JwtAuthenticationTokenFilter.java:60)\r\n	at org.springframework.web.filter.OncePerRequestFilter.doFilter(OncePerRequestFilter.java:119)\r\n	at org.apache.catalina.core.ApplicationFilterChain.internalDoFilter(ApplicationFilterChain.java:193)\r\n	at org.apache.catalina.core.ApplicationFilterChain.doFilter(ApplicationFilterChain.java:166)\r\n	at org.springframework.security.web.FilterChainProxy$VirtualFilterChain.doFilter(FilterChainProxy.java:320)\r\n	at org.springframework.security.web.access.intercept.FilterSecurityInterceptor.invoke(FilterSecurityInterceptor.java:126)\r\n	at org.springframework.security.web.access.intercept.FilterSecurityInterceptor.doFilter(FilterSecurityInterceptor.java:90)\r\n	at org.springframework.security.web.FilterChainProxy$VirtualFilterChain.doFilter(FilterChainProxy.java:334)\r\n	at org.springframework.security.web.access.ExceptionTranslationFilter.doFilter(ExceptionTranslationFilter.java:118)\r\n	at org.springframework.security.web.FilterChainProxy$VirtualFilterChain.doFilter(FilterChainProxy.java:334)\r\n	at org.springframework.security.web.session.SessionManagementFilter.doFilter(SessionManagementFilter.java:137)\r\n	at org.springframework.security.web.FilterChainProxy$VirtualFilterChain.doFilter(FilterChainProxy.java:334)\r\n	at org.springframework.security.web.authentication.AnonymousAuthenticationFilter.doFilter(AnonymousAuthenticationFilter.java:111)\r\n	at org.springframework.security.web.FilterChainProxy$VirtualFilterChain.doFilter(FilterChainProxy.java:334)\r\n	at org.springframework.security.web.authentication.rememberme.RememberMeAuthenticationFilter.doFilter(RememberMeAuthenticationFilter.java:158)\r\n	at org.springframework.security.web.FilterChainProxy$VirtualFilterChain.doFilter(FilterChainProxy.java:334)\r\n	at org.springframework.security.web.servletapi.SecurityContextHolderAwareRequestFilter.doFilter(SecurityContextHolderAwareRequestFilter.java:158)\r\n	at org.springframework.security.web.FilterChainProxy$VirtualFilterChain.doFilter(FilterChainProxy.java:334)\r\n	at org.springframework.security.web.savedrequest.RequestCacheAwareFilter.doFilter(RequestCacheAwareFilter.java:63)\r\n	at org.springframework.security.web.FilterChainProxy$VirtualFilterChain.doFilter(FilterChainProxy.java:334)\r\n	at org.springframework.security.web.authentication.www.BasicAuthenticationFilter.doFilterInternal(BasicAuthenticationFilter.java:155)\r\n	at org.springframework.web.filter.OncePerRequestFilter.doFilter(OncePerRequestFilter.java:119)\r\n	at org.springframework.security.web.FilterChainProxy$VirtualFilterChain.doFilter(FilterChainProxy.java:334)\r\n	at org.springframework.security.web.authentication.AbstractAuthenticationProcessingFilter.doFilter(AbstractAuthenticationProcessingFilter.java:200)\r\n	at org.springframework.security.web.FilterChainProxy$VirtualFilterChain.doFilter(FilterChainProxy.java:334)\r\n	at com.codermy.myspringsecurityplus.security.filter.VerifyCodeFilter.doFilterInternal(VerifyCodeFilter.java:51)\r\n	at org.springframework.web.filter.OncePerRequestFilter.doFilter(OncePerRequestFilter.java:119)\r\n	at org.springframework.security.web.FilterChainProxy$VirtualFilterChain.doFilter(FilterChainProxy.java:334)\r\n	at org.springframework.security.web.authentication.logout.LogoutFilter.doFilter(LogoutFilter.java:116)\r\n	at org.springframework.security.web.FilterChainProxy$VirtualFilterChain.doFilter(FilterChainProxy.java:334)\r\n	at org.springframework.security.web.header.HeaderWriterFilter.doHeadersAfter(HeaderWriterFilter.java:92)\r\n	at org.springframework.security.web.header.HeaderWriterFilter.doFilterInternal(HeaderWriterFilter.java:77)\r\n	at org.springframework.web.filter.OncePerRequestFilter.doFilter(OncePerRequestFilter.java:119)\r\n	at org.springframework.security.web.FilterChainProxy$VirtualFilterChain.doFilter(FilterChainProxy.java:334)\r\n	at org.springframework.security.web.context.SecurityContextPersistenceFilter.doFilter(SecurityContextPersistenceFilter.java:105)\r\n	at org.springframework.security.web.FilterChainProxy$VirtualFilterChain.doFilter(FilterChainProxy.java:334)\r\n	at org.springframework.security.web.context.request.async.WebAsyncManagerIntegrationFilter.doFilterInternal(WebAsyncManagerIntegrationFilter.java:56)\r\n	at org.springframework.web.filter.OncePerRequestFilter.doFilter(OncePerRequestFilter.java:119)\r\n	at org.springframework.security.web.FilterChainProxy$VirtualFilterChain.doFilter(FilterChainProxy.java:334)\r\n	at org.springframework.security.web.FilterChainProxy.doFilterInternal(FilterChainProxy.java:215)\r\n	at org.springframework.security.web.FilterChainProxy.doFilter(FilterChainProxy.java:178)\r\n	at org.springframework.web.filter.DelegatingFilterProxy.invokeDelegate(DelegatingFilterProxy.java:358)\r\n	at org.springframework.web.filter.DelegatingFilterProxy.doFilter(DelegatingFilterProxy.java:271)\r\n	at org.apache.catalina.core.ApplicationFilterChain.internalDoFilter(ApplicationFilterChain.java:193)\r\n	at org.apache.catalina.core.ApplicationFilterChain.doFilter(ApplicationFilterChain.java:166)\r\n	at org.springframework.web.filter.RequestContextFilter.doFilterInternal(RequestContextFilter.java:100)\r\n	at org.springframework.web.filter.OncePerRequestFilter.doFilter(OncePerRequestFilter.java:119)\r\n	at org.apache.catalina.core.ApplicationFilterChain.internalDoFilter(ApplicationFilterChain.java:193)\r\n	at org.apache.catalina.core.ApplicationFilterChain.doFilter(ApplicationFilterChain.java:166)\r\n	at org.springframework.web.filter.FormContentFilter.doFilterInternal(FormContentFilter.java:93)\r\n	at org.springframework.web.filter.OncePerRequestFilter.doFilter(OncePerRequestFilter.java:119)\r\n	at org.apache.catalina.core.ApplicationFilterChain.internalDoFilter(ApplicationFilterChain.java:193)\r\n	at org.apache.catalina.core.ApplicationFilterChain.doFilter(ApplicationFilterChain.java:166)\r\n	at org.springframework.web.filter.CharacterEncodingFilter.doFilterInternal(CharacterEncodingFilter.java:201)\r\n	at org.springframework.web.filter.OncePerRequestFilter.doFilter(OncePerRequestFilter.java:119)\r\n	at org.apache.catalina.core.ApplicationFilterChain.internalDoFilter(ApplicationFilterChain.java:193)\r\n	at org.apache.catalina.core.ApplicationFilterChain.doFilter(ApplicationFilterChain.java:166)\r\n	at org.apache.catalina.core.StandardWrapperValve.invoke(StandardWrapperValve.java:202)\r\n	at org.apache.catalina.core.StandardContextValve.invoke(StandardContextValve.java:96)\r\n	at org.apache.catalina.authenticator.AuthenticatorBase.invoke(AuthenticatorBase.java:541)\r\n	at org.apache.catalina.core.StandardHostValve.invoke(StandardHostValve.java:139)\r\n	at org.apache.catalina.valves.ErrorReportValve.invoke(ErrorReportValve.java:92)\r\n	at org.apache.catalina.core.StandardEngineValve.invoke(StandardEngineValve.java:74)\r\n	at org.apache.catalina.connector.CoyoteAdapter.service(CoyoteAdapter.java:343)\r\n	at org.apache.coyote.http11.Http11Processor.service(Http11Processor.java:373)\r\n	at org.apache.coyote.AbstractProcessorLight.process(AbstractProcessorLight.java:65)\r\n	at org.apache.coyote.AbstractProtocol$ConnectionHandler.process(AbstractProtocol.java:868)\r\n	at org.apache.tomcat.util.net.NioEndpoint$SocketProcessor.doRun(NioEndpoint.java:1590)\r\n	at org.apache.tomcat.util.net.SocketProcessorBase.run(SocketProcessorBase.java:49)\r\n	at java.util.concurrent.ThreadPoolExecutor.runWorker(ThreadPoolExecutor.java:1149)\r\n	at java.util.concurrent.ThreadPoolExecutor$Worker.run(ThreadPoolExecutor.java:624)\r\n	at org.apache.tomcat.util.threads.TaskThread$WrappingRunnable.run(TaskThread.java:61)\r\n	at java.lang.Thread.run(Thread.java:748)\r\n'),(2703,'admin','192.168.31.244','删除所有INFO日志','{ }','Chrome 8',5,'INFO','com.codermy.myspringsecurityplus.log.controller.LogController.delAllByInfo()','2020-11-07 16:12:51',NULL),(2704,'admin','192.168.31.244','查询字典列表','{ pageTableRequest: PageTableRequest(page=1, limit=10, offset=0) myDict: MyDict(dictId=null, dictName=null, description=null, sort=null, createBy=null, updateBy=null) }','Chrome 8',28,'INFO','com.codermy.myspringsecurityplus.admin.controller.DictController.getJobAll()','2020-11-07 16:17:01',NULL),(2705,'admin','192.168.31.244','查询字典列表','{ pageTableRequest: PageTableRequest(page=1, limit=10, offset=0) myDict: MyDict(dictId=null, dictName=null, description=null, sort=null, createBy=null, updateBy=null) }','Chrome 8',5,'INFO','com.codermy.myspringsecurityplus.admin.controller.DictController.getJobAll()','2020-11-07 16:17:41',NULL),(2706,'admin','192.168.31.244','查询字典列表','{ pageTableRequest: PageTableRequest(page=1, limit=10, offset=0) myDict: MyDict(dictId=null, dictName=null, description=null, sort=null, createBy=null, updateBy=null) }','Chrome 8',29,'INFO','com.codermy.myspringsecurityplus.admin.controller.DictController.getJobAll()','2020-11-07 16:19:15',NULL),(2707,'admin','192.168.31.244','查询岗位','{ pageTableRequest: PageTableRequest(page=1, limit=10, offset=0) jobQueryDto: JobQueryDto(queryName=null, queryStatus=null) }','Chrome 8',8,'INFO','com.codermy.myspringsecurityplus.admin.controller.JobController.getJobAll()','2020-11-07 16:19:22',NULL),(2708,'admin','192.168.31.244','查询字典列表','{ pageTableRequest: PageTableRequest(page=1, limit=10, offset=0) myDict: MyDict(dictId=null, dictName=null, description=null, sort=null, createBy=null, updateBy=null) }','Chrome 8',5,'INFO','com.codermy.myspringsecurityplus.admin.controller.DictController.getJobAll()','2020-11-07 16:19:23',NULL),(2709,'admin','192.168.31.244','查询字典列表','{ pageTableRequest: PageTableRequest(page=1, limit=10, offset=0) myDict: MyDict(dictId=null, dictName=null, description=null, sort=null, createBy=null, updateBy=null) }','Chrome 8',29,'INFO','com.codermy.myspringsecurityplus.admin.controller.DictController.getJobAll()','2020-11-07 16:22:10',NULL),(2710,'admin','192.168.31.244','查询字典列表','{ pageTableRequest: PageTableRequest(page=1, limit=10, offset=0) myDict: MyDict(dictId=null, dictName=null, description=null, sort=null, createBy=null, updateBy=null) }','Chrome 8',5,'INFO','com.codermy.myspringsecurityplus.admin.controller.DictController.getJobAll()','2020-11-07 16:23:27',NULL),(2711,'admin','192.168.31.244','查询字典列表','{ pageTableRequest: PageTableRequest(page=1, limit=10, offset=0) myDict: MyDict(dictId=null, dictName=null, description=null, sort=null, createBy=null, updateBy=null) }','Chrome 8',30,'INFO','com.codermy.myspringsecurityplus.admin.controller.DictController.getJobAll()','2020-11-07 16:25:14',NULL),(2712,'admin','192.168.31.244','查询字典列表','{ pageTableRequest: PageTableRequest(page=1, limit=10, offset=0) myDict: MyDict(dictId=null, dictName=null, description=null, sort=null, createBy=null, updateBy=null) }','Chrome 8',32,'INFO','com.codermy.myspringsecurityplus.admin.controller.DictController.getJobAll()','2020-11-07 16:27:31',NULL),(2713,'admin','192.168.31.244','查询字典列表','{ pageTableRequest: PageTableRequest(page=1, limit=10, offset=0) myDict: MyDict(dictId=null, dictName=null, description=null, sort=null, createBy=null, updateBy=null) }','Chrome 8',30,'INFO','com.codermy.myspringsecurityplus.admin.controller.DictController.getJobAll()','2020-11-07 16:29:17',NULL),(2714,'admin','192.168.31.244','查询岗位','{ pageTableRequest: PageTableRequest(page=1, limit=10, offset=0) jobQueryDto: JobQueryDto(queryName=null, queryStatus=null) }','Chrome 8',13,'INFO','com.codermy.myspringsecurityplus.admin.controller.JobController.getJobAll()','2020-11-07 16:31:43',NULL),(2715,'admin','192.168.31.244','查询字典列表','{ pageTableRequest: PageTableRequest(page=1, limit=10, offset=0) myDict: MyDict(dictId=null, dictName=null, description=null, sort=null, createBy=null, updateBy=null) }','Chrome 8',22,'INFO','com.codermy.myspringsecurityplus.admin.controller.DictController.getJobAll()','2020-11-07 16:34:26',NULL),(2716,'admin','192.168.31.244','查询字典列表','{ pageTableRequest: PageTableRequest(page=1, limit=10, offset=0) myDict: MyDict(dictId=null, dictName=null, description=null, sort=null, createBy=null, updateBy=null) }','Chrome 8',23,'INFO','com.codermy.myspringsecurityplus.admin.controller.DictController.getJobAll()','2020-11-07 16:39:06',NULL),(2717,'admin','192.168.31.244','查询字典列表','{ pageTableRequest: PageTableRequest(page=1, limit=10, offset=0) myDict: MyDict(dictId=null, dictName=null, description=null, sort=null, createBy=null, updateBy=null) }','Chrome 8',24,'INFO','com.codermy.myspringsecurityplus.admin.controller.DictController.getJobAll()','2020-11-07 16:40:41',NULL),(2718,'admin','192.168.31.244','查询字典列表','{ pageTableRequest: PageTableRequest(page=1, limit=10, offset=0) myDict: MyDict(dictId=null, dictName=null, description=null, sort=null, createBy=null, updateBy=null) }','Chrome 8',4,'INFO','com.codermy.myspringsecurityplus.admin.controller.DictController.getJobAll()','2020-11-07 16:40:43',NULL),(2719,'admin','192.168.31.244','查询字典列表','{ pageTableRequest: PageTableRequest(page=1, limit=10, offset=0) myDict: MyDict(dictId=null, dictName=null, description=null, sort=null, createBy=null, updateBy=null) }','Chrome 8',29,'INFO','com.codermy.myspringsecurityplus.admin.controller.DictController.getJobAll()','2020-11-07 16:48:19',NULL),(2720,'admin','192.168.31.244','查询字典列表','{ pageTableRequest: PageTableRequest(page=1, limit=10, offset=0) myDict: MyDict(dictId=null, dictName=null, description=null, sort=null, createBy=null, updateBy=null) }','Chrome 8',159,'INFO','com.codermy.myspringsecurityplus.admin.controller.DictController.getJobAll()','2020-11-07 16:53:09',NULL),(2721,'admin','192.168.31.244','查询字典列表','{ pageTableRequest: PageTableRequest(page=1, limit=10, offset=0) myDict: MyDict(dictId=null, dictName=null, description=null, sort=null, createBy=null, updateBy=null) }','Chrome 8',29,'INFO','com.codermy.myspringsecurityplus.admin.controller.DictController.getJobAll()','2020-11-07 16:54:49',NULL),(2722,'admin','192.168.31.244','查询字典列表','{ pageTableRequest: PageTableRequest(page=1, limit=10, offset=0) myDict: MyDict(dictId=null, dictName=null, description=null, sort=null, createBy=null, updateBy=null) }','Chrome 8',28,'INFO','com.codermy.myspringsecurityplus.admin.controller.DictController.getJobAll()','2020-11-07 16:55:43',NULL),(2723,'admin','192.168.31.244','查询字典列表','{ pageTableRequest: PageTableRequest(page=1, limit=10, offset=0) myDict: MyDict(dictId=null, dictName=null, description=null, sort=null, createBy=null, updateBy=null) }','Chrome 8',29,'INFO','com.codermy.myspringsecurityplus.admin.controller.DictController.getJobAll()','2020-11-07 16:56:42',NULL),(2724,'admin','192.168.31.244','查询字典列表','{ pageTableRequest: PageTableRequest(page=1, limit=10, offset=0) myDict: MyDict(dictId=null, dictName=null, description=null, sort=null, createBy=null, updateBy=null) }','Chrome 8',29,'INFO','com.codermy.myspringsecurityplus.admin.controller.DictController.getJobAll()','2020-11-07 16:57:42',NULL),(2725,'admin','192.168.31.244','查询字典列表','{ pageTableRequest: PageTableRequest(page=1, limit=10, offset=0) myDict: MyDict(dictId=null, dictName=null, description=null, sort=null, createBy=null, updateBy=null) }','Chrome 8',29,'INFO','com.codermy.myspringsecurityplus.admin.controller.DictController.getJobAll()','2020-11-07 17:01:03',NULL),(2726,'admin','192.168.31.244','查询字典列表','{ pageTableRequest: PageTableRequest(page=1, limit=10, offset=0) myDict: MyDict(dictId=null, dictName=null, description=null, sort=null, createBy=null, updateBy=null) }','Chrome 8',29,'INFO','com.codermy.myspringsecurityplus.admin.controller.DictController.getJobAll()','2020-11-07 17:04:29',NULL),(2727,'admin','192.168.31.244','查询岗位','{ pageTableRequest: PageTableRequest(page=1, limit=10, offset=0) jobQueryDto: JobQueryDto(queryName=null, queryStatus=null) }','Chrome 8',21,'INFO','com.codermy.myspringsecurityplus.admin.controller.JobController.getJobAll()','2020-11-07 17:06:24',NULL),(2728,'admin','192.168.31.244','查询字典列表','{ pageTableRequest: PageTableRequest(page=1, limit=10, offset=0) myDict: MyDict(dictId=null, dictName=null, description=null, sort=null, createBy=null, updateBy=null) }','Chrome 8',29,'INFO','com.codermy.myspringsecurityplus.admin.controller.DictController.getJobAll()','2020-11-07 17:10:10',NULL),(2729,'admin','192.168.31.244','查询字典列表','{ pageTableRequest: PageTableRequest(page=1, limit=10, offset=0) myDict: MyDict(dictId=null, dictName=null, description=null, sort=null, createBy=null, updateBy=null) }','Chrome 8',31,'INFO','com.codermy.myspringsecurityplus.admin.controller.DictController.getJobAll()','2020-11-07 17:22:00',NULL),(2730,'admin','192.168.31.244','添加字典','{ myDict: MyDict(dictId=null, dictName=测试, description=描述测试, sort=2, createBy=null, updateBy=null) }','Chrome 8',8,'INFO','com.codermy.myspringsecurityplus.admin.controller.DictController.saveJob()','2020-11-07 17:22:12',NULL),(2731,'admin','192.168.31.244','添加字典','{ myDict: MyDict(dictId=null, dictName=测试2, description=描述测试, sort=2, createBy=null, updateBy=null) }','Chrome 8',94,'ERROR','com.codermy.myspringsecurityplus.admin.controller.DictController.saveJob()','2020-11-07 17:22:15','org.springframework.dao.DataIntegrityViolationException: \r\n### Error updating database.  Cause: java.sql.SQLIntegrityConstraintViolationException: Column \'dict_id\' cannot be null\r\n### The error may exist in com/codermy/myspringsecurityplus/admin/dao/DictDao.java (best guess)\r\n### The error may involve com.codermy.myspringsecurityplus.admin.dao.DictDao.insertDict-Inline\r\n### The error occurred while setting parameters\r\n### SQL: INSERT INTO my_dict(dict_id,dict_name,description, sort,create_time, update_time)values(?,?,?,?, now(), now())\r\n### Cause: java.sql.SQLIntegrityConstraintViolationException: Column \'dict_id\' cannot be null\n; Column \'dict_id\' cannot be null; nested exception is java.sql.SQLIntegrityConstraintViolationException: Column \'dict_id\' cannot be null\r\n	at org.springframework.jdbc.support.SQLExceptionSubclassTranslator.doTranslate(SQLExceptionSubclassTranslator.java:87)\r\n	at org.springframework.jdbc.support.AbstractFallbackSQLExceptionTranslator.translate(AbstractFallbackSQLExceptionTranslator.java:72)\r\n	at org.springframework.jdbc.support.AbstractFallbackSQLExceptionTranslator.translate(AbstractFallbackSQLExceptionTranslator.java:81)\r\n	at org.mybatis.spring.MyBatisExceptionTranslator.translateExceptionIfPossible(MyBatisExceptionTranslator.java:88)\r\n	at org.mybatis.spring.SqlSessionTemplate$SqlSessionInterceptor.invoke(SqlSessionTemplate.java:440)\r\n	at com.sun.proxy.$Proxy99.insert(Unknown Source)\r\n	at org.mybatis.spring.SqlSessionTemplate.insert(SqlSessionTemplate.java:271)\r\n	at org.apache.ibatis.binding.MapperMethod.execute(MapperMethod.java:62)\r\n	at org.apache.ibatis.binding.MapperProxy$PlainMethodInvoker.invoke(MapperProxy.java:144)\r\n	at org.apache.ibatis.binding.MapperProxy.invoke(MapperProxy.java:85)\r\n	at com.sun.proxy.$Proxy115.insertDict(Unknown Source)\r\n	at com.codermy.myspringsecurityplus.admin.service.impl.DictServiceImpl.insertDict(DictServiceImpl.java:46)\r\n	at com.codermy.myspringsecurityplus.admin.controller.DictController.saveJob(DictController.java:63)\r\n	at com.codermy.myspringsecurityplus.admin.controller.DictController$$FastClassBySpringCGLIB$$1.invoke(<generated>)\r\n	at org.springframework.cglib.proxy.MethodProxy.invoke(MethodProxy.java:218)\r\n	at org.springframework.aop.framework.CglibAopProxy$CglibMethodInvocation.invokeJoinpoint(CglibAopProxy.java:771)\r\n	at org.springframework.aop.framework.ReflectiveMethodInvocation.proceed(ReflectiveMethodInvocation.java:163)\r\n	at org.springframework.aop.framework.CglibAopProxy$CglibMethodInvocation.proceed(CglibAopProxy.java:749)\r\n	at org.springframework.aop.aspectj.AspectJAfterThrowingAdvice.invoke(AspectJAfterThrowingAdvice.java:62)\r\n	at org.springframework.aop.framework.ReflectiveMethodInvocation.proceed(ReflectiveMethodInvocation.java:175)\r\n	at org.springframework.aop.framework.CglibAopProxy$CglibMethodInvocation.proceed(CglibAopProxy.java:749)\r\n	at org.springframework.aop.aspectj.MethodInvocationProceedingJoinPoint.proceed(MethodInvocationProceedingJoinPoint.java:88)\r\n	at com.codermy.myspringsecurityplus.log.aspect.LogAspect.saveSysLog(LogAspect.java:46)\r\n	at sun.reflect.NativeMethodAccessorImpl.invoke0(Native Method)\r\n	at sun.reflect.NativeMethodAccessorImpl.invoke(NativeMethodAccessorImpl.java:62)\r\n	at sun.reflect.DelegatingMethodAccessorImpl.invoke(DelegatingMethodAccessorImpl.java:43)\r\n	at java.lang.reflect.Method.invoke(Method.java:498)\r\n	at org.springframework.aop.aspectj.AbstractAspectJAdvice.invokeAdviceMethodWithGivenArgs(AbstractAspectJAdvice.java:644)\r\n	at org.springframework.aop.aspectj.AbstractAspectJAdvice.invokeAdviceMethod(AbstractAspectJAdvice.java:633)\r\n	at org.springframework.aop.aspectj.AspectJAroundAdvice.invoke(AspectJAroundAdvice.java:70)\r\n	at org.springframework.aop.framework.ReflectiveMethodInvocation.proceed(ReflectiveMethodInvocation.java:175)\r\n	at org.springframework.aop.framework.CglibAopProxy$CglibMethodInvocation.proceed(CglibAopProxy.java:749)\r\n	at org.springframework.security.access.intercept.aopalliance.MethodSecurityInterceptor.invoke(MethodSecurityInterceptor.java:69)\r\n	at org.springframework.aop.framework.ReflectiveMethodInvocation.proceed(ReflectiveMethodInvocation.java:186)\r\n	at org.springframework.aop.framework.CglibAopProxy$CglibMethodInvocation.proceed(CglibAopProxy.java:749)\r\n	at org.springframework.aop.interceptor.ExposeInvocationInterceptor.invoke(ExposeInvocationInterceptor.java:95)\r\n	at org.springframework.aop.framework.ReflectiveMethodInvocation.proceed(ReflectiveMethodInvocation.java:186)\r\n	at org.springframework.aop.framework.CglibAopProxy$CglibMethodInvocation.proceed(CglibAopProxy.java:749)\r\n	at org.springframework.aop.framework.CglibAopProxy$DynamicAdvisedInterceptor.intercept(CglibAopProxy.java:691)\r\n	at com.codermy.myspringsecurityplus.admin.controller.DictController$$EnhancerBySpringCGLIB$$1.saveJob(<generated>)\r\n	at sun.reflect.NativeMethodAccessorImpl.invoke0(Native Method)\r\n	at sun.reflect.NativeMethodAccessorImpl.invoke(NativeMethodAccessorImpl.java:62)\r\n	at sun.reflect.DelegatingMethodAccessorImpl.invoke(DelegatingMethodAccessorImpl.java:43)\r\n	at java.lang.reflect.Method.invoke(Method.java:498)\r\n	at org.springframework.web.method.support.InvocableHandlerMethod.doInvoke(InvocableHandlerMethod.java:190)\r\n	at org.springframework.web.method.support.InvocableHandlerMethod.invokeForRequest(InvocableHandlerMethod.java:138)\r\n	at org.springframework.web.servlet.mvc.method.annotation.ServletInvocableHandlerMethod.invokeAndHandle(ServletInvocableHandlerMethod.java:105)\r\n	at org.springframework.web.servlet.mvc.method.annotation.RequestMappingHandlerAdapter.invokeHandlerMethod(RequestMappingHandlerAdapter.java:879)\r\n	at org.springframework.web.servlet.mvc.method.annotation.RequestMappingHandlerAdapter.handleInternal(RequestMappingHandlerAdapter.java:793)\r\n	at org.springframework.web.servlet.mvc.method.AbstractHandlerMethodAdapter.handle(AbstractHandlerMethodAdapter.java:87)\r\n	at org.springframework.web.servlet.DispatcherServlet.doDispatch(DispatcherServlet.java:1040)\r\n	at org.springframework.web.servlet.DispatcherServlet.doService(DispatcherServlet.java:943)\r\n	at org.springframework.web.servlet.FrameworkServlet.processRequest(FrameworkServlet.java:1006)\r\n	at org.springframework.web.servlet.FrameworkServlet.doPost(FrameworkServlet.java:909)\r\n	at javax.servlet.http.HttpServlet.service(HttpServlet.java:660)\r\n	at org.springframework.web.servlet.FrameworkServlet.service(FrameworkServlet.java:883)\r\n	at javax.servlet.http.HttpServlet.service(HttpServlet.java:741)\r\n	at org.apache.catalina.core.ApplicationFilterChain.internalDoFilter(ApplicationFilterChain.java:231)\r\n	at org.apache.catalina.core.ApplicationFilterChain.doFilter(ApplicationFilterChain.java:166)\r\n	at org.apache.tomcat.websocket.server.WsFilter.doFilter(WsFilter.java:53)\r\n	at org.apache.catalina.core.ApplicationFilterChain.internalDoFilter(ApplicationFilterChain.java:193)\r\n	at org.apache.catalina.core.ApplicationFilterChain.doFilter(ApplicationFilterChain.java:166)\r\n	at org.springframework.web.filter.OncePerRequestFilter.doFilter(OncePerRequestFilter.java:113)\r\n	at org.apache.catalina.core.ApplicationFilterChain.internalDoFilter(ApplicationFilterChain.java:193)\r\n	at org.apache.catalina.core.ApplicationFilterChain.doFilter(ApplicationFilterChain.java:166)\r\n	at com.codermy.myspringsecurityplus.security.filter.JwtAuthenticationTokenFilter.doFilterInternal(JwtAuthenticationTokenFilter.java:60)\r\n	at org.springframework.web.filter.OncePerRequestFilter.doFilter(OncePerRequestFilter.java:119)\r\n	at org.apache.catalina.core.ApplicationFilterChain.internalDoFilter(ApplicationFilterChain.java:193)\r\n	at org.apache.catalina.core.ApplicationFilterChain.doFilter(ApplicationFilterChain.java:166)\r\n	at org.springframework.security.web.FilterChainProxy$VirtualFilterChain.doFilter(FilterChainProxy.java:320)\r\n	at org.springframework.security.web.access.intercept.FilterSecurityInterceptor.invoke(FilterSecurityInterceptor.java:126)\r\n	at org.springframework.security.web.access.intercept.FilterSecurityInterceptor.doFilter(FilterSecurityInterceptor.java:90)\r\n	at org.springframework.security.web.FilterChainProxy$VirtualFilterChain.doFilter(FilterChainProxy.java:334)\r\n	at org.springframework.security.web.access.ExceptionTranslationFilter.doFilter(ExceptionTranslationFilter.java:118)\r\n	at org.springframework.security.web.FilterChainProxy$VirtualFilterChain.doFilter(FilterChainProxy.java:334)\r\n	at org.springframework.security.web.session.SessionManagementFilter.doFilter(SessionManagementFilter.java:137)\r\n	at org.springframework.security.web.FilterChainProxy$VirtualFilterChain.doFilter(FilterChainProxy.java:334)\r\n	at org.springframework.security.web.authentication.AnonymousAuthenticationFilter.doFilter(AnonymousAuthenticationFilter.java:111)\r\n	at org.springframework.security.web.FilterChainProxy$VirtualFilterChain.doFilter(FilterChainProxy.java:334)\r\n	at org.springframework.security.web.authentication.rememberme.RememberMeAuthenticationFilter.doFilter(RememberMeAuthenticationFilter.java:158)\r\n	at org.springframework.security.web.FilterChainProxy$VirtualFilterChain.doFilter(FilterChainProxy.java:334)\r\n	at org.springframework.security.web.servletapi.SecurityContextHolderAwareRequestFilter.doFilter(SecurityContextHolderAwareRequestFilter.java:158)\r\n	at org.springframework.security.web.FilterChainProxy$VirtualFilterChain.doFilter(FilterChainProxy.java:334)\r\n	at org.springframework.security.web.savedrequest.RequestCacheAwareFilter.doFilter(RequestCacheAwareFilter.java:63)\r\n	at org.springframework.security.web.FilterChainProxy$VirtualFilterChain.doFilter(FilterChainProxy.java:334)\r\n	at org.springframework.security.web.authentication.www.BasicAuthenticationFilter.doFilterInternal(BasicAuthenticationFilter.java:155)\r\n	at org.springframework.web.filter.OncePerRequestFilter.doFilter(OncePerRequestFilter.java:119)\r\n	at org.springframework.security.web.FilterChainProxy$VirtualFilterChain.doFilter(FilterChainProxy.java:334)\r\n	at org.springframework.security.web.authentication.AbstractAuthenticationProcessingFilter.doFilter(AbstractAuthenticationProcessingFilter.java:200)\r\n	at org.springframework.security.web.FilterChainProxy$VirtualFilterChain.doFilter(FilterChainProxy.java:334)\r\n	at com.codermy.myspringsecurityplus.security.filter.VerifyCodeFilter.doFilterInternal(VerifyCodeFilter.java:51)\r\n	at org.springframework.web.filter.OncePerRequestFilter.doFilter(OncePerRequestFilter.java:119)\r\n	at org.springframework.security.web.FilterChainProxy$VirtualFilterChain.doFilter(FilterChainProxy.java:334)\r\n	at org.springframework.security.web.authentication.logout.LogoutFilter.doFilter(LogoutFilter.java:116)\r\n	at org.springframework.security.web.FilterChainProxy$VirtualFilterChain.doFilter(FilterChainProxy.java:334)\r\n	at org.springframework.security.web.header.HeaderWriterFilter.doHeadersAfter(HeaderWriterFilter.java:92)\r\n	at org.springframework.security.web.header.HeaderWriterFilter.doFilterInternal(HeaderWriterFilter.java:77)\r\n	at org.springframework.web.filter.OncePerRequestFilter.doFilter(OncePerRequestFilter.java:119)\r\n	at org.springframework.security.web.FilterChainProxy$VirtualFilterChain.doFilter(FilterChainProxy.java:334)\r\n	at org.springframework.security.web.context.SecurityContextPersistenceFilter.doFilter(SecurityContextPersistenceFilter.java:105)\r\n	at org.springframework.security.web.FilterChainProxy$VirtualFilterChain.doFilter(FilterChainProxy.java:334)\r\n	at org.springframework.security.web.context.request.async.WebAsyncManagerIntegrationFilter.doFilterInternal(WebAsyncManagerIntegrationFilter.java:56)\r\n	at org.springframework.web.filter.OncePerRequestFilter.doFilter(OncePerRequestFilter.java:119)\r\n	at org.springframework.security.web.FilterChainProxy$VirtualFilterChain.doFilter(FilterChainProxy.java:334)\r\n	at org.springframework.security.web.FilterChainProxy.doFilterInternal(FilterChainProxy.java:215)\r\n	at org.springframework.security.web.FilterChainProxy.doFilter(FilterChainProxy.java:178)\r\n	at org.springframework.web.filter.DelegatingFilterProxy.invokeDelegate(DelegatingFilterProxy.java:358)\r\n	at org.springframework.web.filter.DelegatingFilterProxy.doFilter(DelegatingFilterProxy.java:271)\r\n	at org.apache.catalina.core.ApplicationFilterChain.internalDoFilter(ApplicationFilterChain.java:193)\r\n	at org.apache.catalina.core.ApplicationFilterChain.doFilter(ApplicationFilterChain.java:166)\r\n	at org.springframework.web.filter.RequestContextFilter.doFilterInternal(RequestContextFilter.java:100)\r\n	at org.springframework.web.filter.OncePerRequestFilter.doFilter(OncePerRequestFilter.java:119)\r\n	at org.apache.catalina.core.ApplicationFilterChain.internalDoFilter(ApplicationFilterChain.java:193)\r\n	at org.apache.catalina.core.ApplicationFilterChain.doFilter(ApplicationFilterChain.java:166)\r\n	at org.springframework.web.filter.FormContentFilter.doFilterInternal(FormContentFilter.java:93)\r\n	at org.springframework.web.filter.OncePerRequestFilter.doFilter(OncePerRequestFilter.java:119)\r\n	at org.apache.catalina.core.ApplicationFilterChain.internalDoFilter(ApplicationFilterChain.java:193)\r\n	at org.apache.catalina.core.ApplicationFilterChain.doFilter(ApplicationFilterChain.java:166)\r\n	at org.springframework.web.filter.CharacterEncodingFilter.doFilterInternal(CharacterEncodingFilter.java:201)\r\n	at org.springframework.web.filter.OncePerRequestFilter.doFilter(OncePerRequestFilter.java:119)\r\n	at org.apache.catalina.core.ApplicationFilterChain.internalDoFilter(ApplicationFilterChain.java:193)\r\n	at org.apache.catalina.core.ApplicationFilterChain.doFilter(ApplicationFilterChain.java:166)\r\n	at org.apache.catalina.core.StandardWrapperValve.invoke(StandardWrapperValve.java:202)\r\n	at org.apache.catalina.core.StandardContextValve.__invoke(StandardContextValve.java:96)\r\n	at org.apache.catalina.core.StandardContextValve.invoke(StandardContextValve.java:41002)\r\n	at org.apache.catalina.authenticator.AuthenticatorBase.invoke(AuthenticatorBase.java:541)\r\n	at org.apache.catalina.core.StandardHostValve.invoke(StandardHostValve.java:139)\r\n	at org.apache.catalina.valves.ErrorReportValve.invoke(ErrorReportValve.java:92)\r\n	at org.apache.catalina.core.StandardEngineValve.invoke(StandardEngineValve.java:74)\r\n	at org.apache.catalina.connector.CoyoteAdapter.service(CoyoteAdapter.java:343)\r\n	at org.apache.coyote.http11.Http11Processor.service(Http11Processor.java:373)\r\n	at org.apache.coyote.AbstractProcessorLight.process(AbstractProcessorLight.java:65)\r\n	at org.apache.coyote.AbstractProtocol$ConnectionHandler.process(AbstractProtocol.java:868)\r\n	at org.apache.tomcat.util.net.NioEndpoint$SocketProcessor.doRun(NioEndpoint.java:1590)\r\n	at org.apache.tomcat.util.net.SocketProcessorBase.run(SocketProcessorBase.java:49)\r\n	at java.util.concurrent.ThreadPoolExecutor.runWorker(ThreadPoolExecutor.java:1149)\r\n	at java.util.concurrent.ThreadPoolExecutor$Worker.run(ThreadPoolExecutor.java:624)\r\n	at org.apache.tomcat.util.threads.TaskThread$WrappingRunnable.run(TaskThread.java:61)\r\n	at java.lang.Thread.run(Thread.java:748)\r\nCaused by: java.sql.SQLIntegrityConstraintViolationException: Column \'dict_id\' cannot be null\r\n	at com.mysql.cj.jdbc.exceptions.SQLError.createSQLException(SQLError.java:117)\r\n	at com.mysql.cj.jdbc.exceptions.SQLError.createSQLException(SQLError.java:97)\r\n	at com.mysql.cj.jdbc.exceptions.SQLExceptionsMapping.translateException(SQLExceptionsMapping.java:122)\r\n	at com.mysql.cj.jdbc.ClientPreparedStatement.executeInternal(ClientPreparedStatement.java:953)\r\n	at com.mysql.cj.jdbc.ClientPreparedStatement.execute(ClientPreparedStatement.java:370)\r\n	at com.alibaba.druid.filter.FilterChainImpl.preparedStatement_execute(FilterChainImpl.java:3461)\r\n	at com.alibaba.druid.filter.FilterEventAdapter.preparedStatement_execute(FilterEventAdapter.java:440)\r\n	at com.alibaba.druid.filter.FilterChainImpl.preparedStatement_execute(FilterChainImpl.java:3459)\r\n	at com.alibaba.druid.proxy.jdbc.PreparedStatementProxyImpl.execute(PreparedStatementProxyImpl.java:167)\r\n	at com.alibaba.druid.pool.DruidPooledPreparedStatement.execute(DruidPooledPreparedStatement.java:497)\r\n	at org.apache.ibatis.executor.statement.PreparedStatementHandler.update(PreparedStatementHandler.java:47)\r\n	at org.apache.ibatis.executor.statement.RoutingStatementHandler.update(RoutingStatementHandler.java:74)\r\n	at org.apache.ibatis.executor.SimpleExecutor.doUpdate(SimpleExecutor.java:50)\r\n	at org.apache.ibatis.executor.BaseExecutor.update(BaseExecutor.java:117)\r\n	at org.apache.ibatis.executor.CachingExecutor.update(CachingExecutor.java:76)\r\n	at sun.reflect.NativeMethodAccessorImpl.invoke0(Native Method)\r\n	at sun.reflect.NativeMethodAccessorImpl.invoke(NativeMethodAccessorImpl.java:62)\r\n	at sun.reflect.DelegatingMethodAccessorImpl.invoke(DelegatingMethodAccessorImpl.java:43)\r\n	at java.lang.reflect.Method.invoke(Method.java:498)\r\n	at org.apache.ibatis.plugin.Plugin.invoke(Plugin.java:63)\r\n	at com.sun.proxy.$Proxy153.update(Unknown Source)\r\n	at org.apache.ibatis.session.defaults.DefaultSqlSession.update(DefaultSqlSession.java:197)\r\n	at org.apache.ibatis.session.defaults.DefaultSqlSession.insert(DefaultSqlSession.java:184)\r\n	at sun.reflect.NativeMethodAccessorImpl.invoke0(Native Method)\r\n	at sun.reflect.NativeMethodAccessorImpl.invoke(NativeMethodAccessorImpl.java:62)\r\n	at sun.reflect.DelegatingMethodAccessorImpl.invoke(DelegatingMethodAccessorImpl.java:43)\r\n	at java.lang.reflect.Method.invoke(Method.java:498)\r\n	at org.mybatis.spring.SqlSessionTemplate$SqlSessionInterceptor.invoke(SqlSessionTemplate.java:426)\r\n	... 134 more\r\n'),(2732,'admin','192.168.31.244','查询字典列表','{ pageTableRequest: PageTableRequest(page=1, limit=10, offset=0) myDict: MyDict(dictId=null, dictName=null, description=null, sort=null, createBy=null, updateBy=null) }','Chrome 8',29,'INFO','com.codermy.myspringsecurityplus.admin.controller.DictController.getJobAll()','2020-11-07 17:56:44',NULL),(2733,'admin','192.168.31.244','添加字典','{ myDict: MyDict(dictId=null, dictName=测试, description=1, sort=1, createBy=null, updateBy=null) }','Chrome 8',4,'INFO','com.codermy.myspringsecurityplus.admin.controller.DictController.saveJob()','2020-11-07 17:56:54',NULL),(2734,'admin','192.168.31.244','添加字典','{ myDict: MyDict(dictId=null, dictName=测试1, description=1, sort=1, createBy=null, updateBy=null) }','Chrome 8',73,'ERROR','com.codermy.myspringsecurityplus.admin.controller.DictController.saveJob()','2020-11-07 17:57:10','org.springframework.dao.DataIntegrityViolationException: \r\n### Error updating database.  Cause: java.sql.SQLIntegrityConstraintViolationException: Column \'dict_id\' cannot be null\r\n### The error may exist in com/codermy/myspringsecurityplus/admin/dao/DictDao.java (best guess)\r\n### The error may involve com.codermy.myspringsecurityplus.admin.dao.DictDao.insertDict-Inline\r\n### The error occurred while setting parameters\r\n### SQL: INSERT INTO my_dict(dict_id,dict_name,description, sort,create_time, update_time)values(?,?,?,?, now(), now())\r\n### Cause: java.sql.SQLIntegrityConstraintViolationException: Column \'dict_id\' cannot be null\n; Column \'dict_id\' cannot be null; nested exception is java.sql.SQLIntegrityConstraintViolationException: Column \'dict_id\' cannot be null\r\n	at org.springframework.jdbc.support.SQLExceptionSubclassTranslator.doTranslate(SQLExceptionSubclassTranslator.java:87)\r\n	at org.springframework.jdbc.support.AbstractFallbackSQLExceptionTranslator.translate(AbstractFallbackSQLExceptionTranslator.java:72)\r\n	at org.springframework.jdbc.support.AbstractFallbackSQLExceptionTranslator.translate(AbstractFallbackSQLExceptionTranslator.java:81)\r\n	at org.mybatis.spring.MyBatisExceptionTranslator.translateExceptionIfPossible(MyBatisExceptionTranslator.java:88)\r\n	at org.mybatis.spring.SqlSessionTemplate$SqlSessionInterceptor.invoke(SqlSessionTemplate.java:440)\r\n	at com.sun.proxy.$Proxy99.insert(Unknown Source)\r\n	at org.mybatis.spring.SqlSessionTemplate.insert(SqlSessionTemplate.java:271)\r\n	at org.apache.ibatis.binding.MapperMethod.execute(MapperMethod.java:62)\r\n	at org.apache.ibatis.binding.MapperProxy$PlainMethodInvoker.invoke(MapperProxy.java:144)\r\n	at org.apache.ibatis.binding.MapperProxy.invoke(MapperProxy.java:85)\r\n	at com.sun.proxy.$Proxy115.insertDict(Unknown Source)\r\n	at com.codermy.myspringsecurityplus.admin.service.impl.DictServiceImpl.insertDict(DictServiceImpl.java:46)\r\n	at com.codermy.myspringsecurityplus.admin.controller.DictController.saveJob(DictController.java:63)\r\n	at com.codermy.myspringsecurityplus.admin.controller.DictController$$FastClassBySpringCGLIB$$1.invoke(<generated>)\r\n	at org.springframework.cglib.proxy.MethodProxy.invoke(MethodProxy.java:218)\r\n	at org.springframework.aop.framework.CglibAopProxy$CglibMethodInvocation.invokeJoinpoint(CglibAopProxy.java:771)\r\n	at org.springframework.aop.framework.ReflectiveMethodInvocation.proceed(ReflectiveMethodInvocation.java:163)\r\n	at org.springframework.aop.framework.CglibAopProxy$CglibMethodInvocation.proceed(CglibAopProxy.java:749)\r\n	at org.springframework.aop.aspectj.AspectJAfterThrowingAdvice.invoke(AspectJAfterThrowingAdvice.java:62)\r\n	at org.springframework.aop.framework.ReflectiveMethodInvocation.proceed(ReflectiveMethodInvocation.java:175)\r\n	at org.springframework.aop.framework.CglibAopProxy$CglibMethodInvocation.proceed(CglibAopProxy.java:749)\r\n	at org.springframework.aop.aspectj.MethodInvocationProceedingJoinPoint.proceed(MethodInvocationProceedingJoinPoint.java:88)\r\n	at com.codermy.myspringsecurityplus.log.aspect.LogAspect.saveSysLog(LogAspect.java:46)\r\n	at sun.reflect.NativeMethodAccessorImpl.invoke0(Native Method)\r\n	at sun.reflect.NativeMethodAccessorImpl.invoke(NativeMethodAccessorImpl.java:62)\r\n	at sun.reflect.DelegatingMethodAccessorImpl.invoke(DelegatingMethodAccessorImpl.java:43)\r\n	at java.lang.reflect.Method.invoke(Method.java:498)\r\n	at org.springframework.aop.aspectj.AbstractAspectJAdvice.invokeAdviceMethodWithGivenArgs(AbstractAspectJAdvice.java:644)\r\n	at org.springframework.aop.aspectj.AbstractAspectJAdvice.invokeAdviceMethod(AbstractAspectJAdvice.java:633)\r\n	at org.springframework.aop.aspectj.AspectJAroundAdvice.invoke(AspectJAroundAdvice.java:70)\r\n	at org.springframework.aop.framework.ReflectiveMethodInvocation.proceed(ReflectiveMethodInvocation.java:175)\r\n	at org.springframework.aop.framework.CglibAopProxy$CglibMethodInvocation.proceed(CglibAopProxy.java:749)\r\n	at org.springframework.security.access.intercept.aopalliance.MethodSecurityInterceptor.invoke(MethodSecurityInterceptor.java:69)\r\n	at org.springframework.aop.framework.ReflectiveMethodInvocation.proceed(ReflectiveMethodInvocation.java:186)\r\n	at org.springframework.aop.framework.CglibAopProxy$CglibMethodInvocation.proceed(CglibAopProxy.java:749)\r\n	at org.springframework.aop.interceptor.ExposeInvocationInterceptor.invoke(ExposeInvocationInterceptor.java:95)\r\n	at org.springframework.aop.framework.ReflectiveMethodInvocation.proceed(ReflectiveMethodInvocation.java:186)\r\n	at org.springframework.aop.framework.CglibAopProxy$CglibMethodInvocation.proceed(CglibAopProxy.java:749)\r\n	at org.springframework.aop.framework.CglibAopProxy$DynamicAdvisedInterceptor.intercept(CglibAopProxy.java:691)\r\n	at com.codermy.myspringsecurityplus.admin.controller.DictController$$EnhancerBySpringCGLIB$$1.saveJob(<generated>)\r\n	at sun.reflect.NativeMethodAccessorImpl.invoke0(Native Method)\r\n	at sun.reflect.NativeMethodAccessorImpl.invoke(NativeMethodAccessorImpl.java:62)\r\n	at sun.reflect.DelegatingMethodAccessorImpl.invoke(DelegatingMethodAccessorImpl.java:43)\r\n	at java.lang.reflect.Method.invoke(Method.java:498)\r\n	at org.springframework.web.method.support.InvocableHandlerMethod.doInvoke(InvocableHandlerMethod.java:190)\r\n	at org.springframework.web.method.support.InvocableHandlerMethod.invokeForRequest(InvocableHandlerMethod.java:138)\r\n	at org.springframework.web.servlet.mvc.method.annotation.ServletInvocableHandlerMethod.invokeAndHandle(ServletInvocableHandlerMethod.java:105)\r\n	at org.springframework.web.servlet.mvc.method.annotation.RequestMappingHandlerAdapter.invokeHandlerMethod(RequestMappingHandlerAdapter.java:879)\r\n	at org.springframework.web.servlet.mvc.method.annotation.RequestMappingHandlerAdapter.handleInternal(RequestMappingHandlerAdapter.java:793)\r\n	at org.springframework.web.servlet.mvc.method.AbstractHandlerMethodAdapter.handle(AbstractHandlerMethodAdapter.java:87)\r\n	at org.springframework.web.servlet.DispatcherServlet.doDispatch(DispatcherServlet.java:1040)\r\n	at org.springframework.web.servlet.DispatcherServlet.doService(DispatcherServlet.java:943)\r\n	at org.springframework.web.servlet.FrameworkServlet.processRequest(FrameworkServlet.java:1006)\r\n	at org.springframework.web.servlet.FrameworkServlet.doPost(FrameworkServlet.java:909)\r\n	at javax.servlet.http.HttpServlet.service(HttpServlet.java:660)\r\n	at org.springframework.web.servlet.FrameworkServlet.service(FrameworkServlet.java:883)\r\n	at javax.servlet.http.HttpServlet.service(HttpServlet.java:741)\r\n	at org.apache.catalina.core.ApplicationFilterChain.internalDoFilter(ApplicationFilterChain.java:231)\r\n	at org.apache.catalina.core.ApplicationFilterChain.doFilter(ApplicationFilterChain.java:166)\r\n	at org.apache.tomcat.websocket.server.WsFilter.doFilter(WsFilter.java:53)\r\n	at org.apache.catalina.core.ApplicationFilterChain.internalDoFilter(ApplicationFilterChain.java:193)\r\n	at org.apache.catalina.core.ApplicationFilterChain.doFilter(ApplicationFilterChain.java:166)\r\n	at org.springframework.web.filter.OncePerRequestFilter.doFilter(OncePerRequestFilter.java:113)\r\n	at org.apache.catalina.core.ApplicationFilterChain.internalDoFilter(ApplicationFilterChain.java:193)\r\n	at org.apache.catalina.core.ApplicationFilterChain.doFilter(ApplicationFilterChain.java:166)\r\n	at com.codermy.myspringsecurityplus.security.filter.JwtAuthenticationTokenFilter.doFilterInternal(JwtAuthenticationTokenFilter.java:60)\r\n	at org.springframework.web.filter.OncePerRequestFilter.doFilter(OncePerRequestFilter.java:119)\r\n	at org.apache.catalina.core.ApplicationFilterChain.internalDoFilter(ApplicationFilterChain.java:193)\r\n	at org.apache.catalina.core.ApplicationFilterChain.doFilter(ApplicationFilterChain.java:166)\r\n	at org.springframework.security.web.FilterChainProxy$VirtualFilterChain.doFilter(FilterChainProxy.java:320)\r\n	at org.springframework.security.web.access.intercept.FilterSecurityInterceptor.invoke(FilterSecurityInterceptor.java:126)\r\n	at org.springframework.security.web.access.intercept.FilterSecurityInterceptor.doFilter(FilterSecurityInterceptor.java:90)\r\n	at org.springframework.security.web.FilterChainProxy$VirtualFilterChain.doFilter(FilterChainProxy.java:334)\r\n	at org.springframework.security.web.access.ExceptionTranslationFilter.doFilter(ExceptionTranslationFilter.java:118)\r\n	at org.springframework.security.web.FilterChainProxy$VirtualFilterChain.doFilter(FilterChainProxy.java:334)\r\n	at org.springframework.security.web.session.SessionManagementFilter.doFilter(SessionManagementFilter.java:137)\r\n	at org.springframework.security.web.FilterChainProxy$VirtualFilterChain.doFilter(FilterChainProxy.java:334)\r\n	at org.springframework.security.web.authentication.AnonymousAuthenticationFilter.doFilter(AnonymousAuthenticationFilter.java:111)\r\n	at org.springframework.security.web.FilterChainProxy$VirtualFilterChain.doFilter(FilterChainProxy.java:334)\r\n	at org.springframework.security.web.authentication.rememberme.RememberMeAuthenticationFilter.doFilter(RememberMeAuthenticationFilter.java:158)\r\n	at org.springframework.security.web.FilterChainProxy$VirtualFilterChain.doFilter(FilterChainProxy.java:334)\r\n	at org.springframework.security.web.servletapi.SecurityContextHolderAwareRequestFilter.doFilter(SecurityContextHolderAwareRequestFilter.java:158)\r\n	at org.springframework.security.web.FilterChainProxy$VirtualFilterChain.doFilter(FilterChainProxy.java:334)\r\n	at org.springframework.security.web.savedrequest.RequestCacheAwareFilter.doFilter(RequestCacheAwareFilter.java:63)\r\n	at org.springframework.security.web.FilterChainProxy$VirtualFilterChain.doFilter(FilterChainProxy.java:334)\r\n	at org.springframework.security.web.authentication.www.BasicAuthenticationFilter.doFilterInternal(BasicAuthenticationFilter.java:155)\r\n	at org.springframework.web.filter.OncePerRequestFilter.doFilter(OncePerRequestFilter.java:119)\r\n	at org.springframework.security.web.FilterChainProxy$VirtualFilterChain.doFilter(FilterChainProxy.java:334)\r\n	at org.springframework.security.web.authentication.AbstractAuthenticationProcessingFilter.doFilter(AbstractAuthenticationProcessingFilter.java:200)\r\n	at org.springframework.security.web.FilterChainProxy$VirtualFilterChain.doFilter(FilterChainProxy.java:334)\r\n	at com.codermy.myspringsecurityplus.security.filter.VerifyCodeFilter.doFilterInternal(VerifyCodeFilter.java:51)\r\n	at org.springframework.web.filter.OncePerRequestFilter.doFilter(OncePerRequestFilter.java:119)\r\n	at org.springframework.security.web.FilterChainProxy$VirtualFilterChain.doFilter(FilterChainProxy.java:334)\r\n	at org.springframework.security.web.authentication.logout.LogoutFilter.doFilter(LogoutFilter.java:116)\r\n	at org.springframework.security.web.FilterChainProxy$VirtualFilterChain.doFilter(FilterChainProxy.java:334)\r\n	at org.springframework.security.web.header.HeaderWriterFilter.doHeadersAfter(HeaderWriterFilter.java:92)\r\n	at org.springframework.security.web.header.HeaderWriterFilter.doFilterInternal(HeaderWriterFilter.java:77)\r\n	at org.springframework.web.filter.OncePerRequestFilter.doFilter(OncePerRequestFilter.java:119)\r\n	at org.springframework.security.web.FilterChainProxy$VirtualFilterChain.doFilter(FilterChainProxy.java:334)\r\n	at org.springframework.security.web.context.SecurityContextPersistenceFilter.doFilter(SecurityContextPersistenceFilter.java:105)\r\n	at org.springframework.security.web.FilterChainProxy$VirtualFilterChain.doFilter(FilterChainProxy.java:334)\r\n	at org.springframework.security.web.context.request.async.WebAsyncManagerIntegrationFilter.doFilterInternal(WebAsyncManagerIntegrationFilter.java:56)\r\n	at org.springframework.web.filter.OncePerRequestFilter.doFilter(OncePerRequestFilter.java:119)\r\n	at org.springframework.security.web.FilterChainProxy$VirtualFilterChain.doFilter(FilterChainProxy.java:334)\r\n	at org.springframework.security.web.FilterChainProxy.doFilterInternal(FilterChainProxy.java:215)\r\n	at org.springframework.security.web.FilterChainProxy.doFilter(FilterChainProxy.java:178)\r\n	at org.springframework.web.filter.DelegatingFilterProxy.invokeDelegate(DelegatingFilterProxy.java:358)\r\n	at org.springframework.web.filter.DelegatingFilterProxy.doFilter(DelegatingFilterProxy.java:271)\r\n	at org.apache.catalina.core.ApplicationFilterChain.internalDoFilter(ApplicationFilterChain.java:193)\r\n	at org.apache.catalina.core.ApplicationFilterChain.doFilter(ApplicationFilterChain.java:166)\r\n	at org.springframework.web.filter.RequestContextFilter.doFilterInternal(RequestContextFilter.java:100)\r\n	at org.springframework.web.filter.OncePerRequestFilter.doFilter(OncePerRequestFilter.java:119)\r\n	at org.apache.catalina.core.ApplicationFilterChain.internalDoFilter(ApplicationFilterChain.java:193)\r\n	at org.apache.catalina.core.ApplicationFilterChain.doFilter(ApplicationFilterChain.java:166)\r\n	at org.springframework.web.filter.FormContentFilter.doFilterInternal(FormContentFilter.java:93)\r\n	at org.springframework.web.filter.OncePerRequestFilter.doFilter(OncePerRequestFilter.java:119)\r\n	at org.apache.catalina.core.ApplicationFilterChain.internalDoFilter(ApplicationFilterChain.java:193)\r\n	at org.apache.catalina.core.ApplicationFilterChain.doFilter(ApplicationFilterChain.java:166)\r\n	at org.springframework.web.filter.CharacterEncodingFilter.doFilterInternal(CharacterEncodingFilter.java:201)\r\n	at org.springframework.web.filter.OncePerRequestFilter.doFilter(OncePerRequestFilter.java:119)\r\n	at org.apache.catalina.core.ApplicationFilterChain.internalDoFilter(ApplicationFilterChain.java:193)\r\n	at org.apache.catalina.core.ApplicationFilterChain.doFilter(ApplicationFilterChain.java:166)\r\n	at org.apache.catalina.core.StandardWrapperValve.invoke(StandardWrapperValve.java:202)\r\n	at org.apache.catalina.core.StandardContextValve.__invoke(StandardContextValve.java:96)\r\n	at org.apache.catalina.core.StandardContextValve.invoke(StandardContextValve.java:41002)\r\n	at org.apache.catalina.authenticator.AuthenticatorBase.invoke(AuthenticatorBase.java:541)\r\n	at org.apache.catalina.core.StandardHostValve.invoke(StandardHostValve.java:139)\r\n	at org.apache.catalina.valves.ErrorReportValve.invoke(ErrorReportValve.java:92)\r\n	at org.apache.catalina.core.StandardEngineValve.invoke(StandardEngineValve.java:74)\r\n	at org.apache.catalina.connector.CoyoteAdapter.service(CoyoteAdapter.java:343)\r\n	at org.apache.coyote.http11.Http11Processor.service(Http11Processor.java:373)\r\n	at org.apache.coyote.AbstractProcessorLight.process(AbstractProcessorLight.java:65)\r\n	at org.apache.coyote.AbstractProtocol$ConnectionHandler.process(AbstractProtocol.java:868)\r\n	at org.apache.tomcat.util.net.NioEndpoint$SocketProcessor.doRun(NioEndpoint.java:1590)\r\n	at org.apache.tomcat.util.net.SocketProcessorBase.run(SocketProcessorBase.java:49)\r\n	at java.util.concurrent.ThreadPoolExecutor.runWorker(ThreadPoolExecutor.java:1149)\r\n	at java.util.concurrent.ThreadPoolExecutor$Worker.run(ThreadPoolExecutor.java:624)\r\n	at org.apache.tomcat.util.threads.TaskThread$WrappingRunnable.run(TaskThread.java:61)\r\n	at java.lang.Thread.run(Thread.java:748)\r\nCaused by: java.sql.SQLIntegrityConstraintViolationException: Column \'dict_id\' cannot be null\r\n	at com.mysql.cj.jdbc.exceptions.SQLError.createSQLException(SQLError.java:117)\r\n	at com.mysql.cj.jdbc.exceptions.SQLError.createSQLException(SQLError.java:97)\r\n	at com.mysql.cj.jdbc.exceptions.SQLExceptionsMapping.translateException(SQLExceptionsMapping.java:122)\r\n	at com.mysql.cj.jdbc.ClientPreparedStatement.executeInternal(ClientPreparedStatement.java:953)\r\n	at com.mysql.cj.jdbc.ClientPreparedStatement.execute(ClientPreparedStatement.java:370)\r\n	at com.alibaba.druid.filter.FilterChainImpl.preparedStatement_execute(FilterChainImpl.java:3461)\r\n	at com.alibaba.druid.filter.FilterEventAdapter.preparedStatement_execute(FilterEventAdapter.java:440)\r\n	at com.alibaba.druid.filter.FilterChainImpl.preparedStatement_execute(FilterChainImpl.java:3459)\r\n	at com.alibaba.druid.proxy.jdbc.PreparedStatementProxyImpl.execute(PreparedStatementProxyImpl.java:167)\r\n	at com.alibaba.druid.pool.DruidPooledPreparedStatement.execute(DruidPooledPreparedStatement.java:497)\r\n	at org.apache.ibatis.executor.statement.PreparedStatementHandler.update(PreparedStatementHandler.java:47)\r\n	at org.apache.ibatis.executor.statement.RoutingStatementHandler.update(RoutingStatementHandler.java:74)\r\n	at org.apache.ibatis.executor.SimpleExecutor.doUpdate(SimpleExecutor.java:50)\r\n	at org.apache.ibatis.executor.BaseExecutor.update(BaseExecutor.java:117)\r\n	at org.apache.ibatis.executor.CachingExecutor.update(CachingExecutor.java:76)\r\n	at sun.reflect.NativeMethodAccessorImpl.invoke0(Native Method)\r\n	at sun.reflect.NativeMethodAccessorImpl.invoke(NativeMethodAccessorImpl.java:62)\r\n	at sun.reflect.DelegatingMethodAccessorImpl.invoke(DelegatingMethodAccessorImpl.java:43)\r\n	at java.lang.reflect.Method.invoke(Method.java:498)\r\n	at org.apache.ibatis.plugin.Plugin.invoke(Plugin.java:63)\r\n	at com.sun.proxy.$Proxy153.update(Unknown Source)\r\n	at org.apache.ibatis.session.defaults.DefaultSqlSession.update(DefaultSqlSession.java:197)\r\n	at org.apache.ibatis.session.defaults.DefaultSqlSession.insert(DefaultSqlSession.java:184)\r\n	at sun.reflect.NativeMethodAccessorImpl.invoke0(Native Method)\r\n	at sun.reflect.NativeMethodAccessorImpl.invoke(NativeMethodAccessorImpl.java:62)\r\n	at sun.reflect.DelegatingMethodAccessorImpl.invoke(DelegatingMethodAccessorImpl.java:43)\r\n	at java.lang.reflect.Method.invoke(Method.java:498)\r\n	at org.mybatis.spring.SqlSessionTemplate$SqlSessionInterceptor.invoke(SqlSessionTemplate.java:426)\r\n	... 134 more\r\n'),(2735,'admin','192.168.31.244','添加字典','{ myDict: MyDict(dictId=null, dictName=测试1, description=1, sort=1, createBy=null, updateBy=null) }','Chrome 8',5,'INFO','com.codermy.myspringsecurityplus.admin.controller.DictController.saveJob()','2020-11-07 17:57:29',NULL),(2736,'admin','192.168.31.244','查询字典列表','{ pageTableRequest: PageTableRequest(page=1, limit=10, offset=0) myDict: MyDict(dictId=null, dictName=null, description=null, sort=null, createBy=null, updateBy=null) }','Chrome 8',7,'INFO','com.codermy.myspringsecurityplus.admin.controller.DictController.getJobAll()','2020-11-07 17:57:33',NULL),(2737,'admin','192.168.31.244','查询字典列表','{ pageTableRequest: PageTableRequest(page=1, limit=10, offset=0) myDict: MyDict(dictId=null, dictName=null, description=null, sort=null, createBy=null, updateBy=null) }','Chrome 8',29,'INFO','com.codermy.myspringsecurityplus.admin.controller.DictController.getDictAll()','2020-11-07 18:44:01',NULL),(2738,'admin','192.168.31.244','查询字典列表','{ pageTableRequest: PageTableRequest(page=1, limit=10, offset=0) myDict: MyDict(dictId=null, dictName=null, description=null, sort=null, createBy=null, updateBy=null) }','Chrome 8',30,'INFO','com.codermy.myspringsecurityplus.admin.controller.DictController.getDictAll()','2020-11-07 18:44:59',NULL),(2739,'admin','192.168.31.244','查询字典列表','{ pageTableRequest: PageTableRequest(page=1, limit=10, offset=0) myDict: MyDict(dictId=null, dictName=null, description=null, sort=null, createBy=null, updateBy=null) }','Chrome 8',29,'INFO','com.codermy.myspringsecurityplus.admin.controller.DictController.getDictAll()','2020-11-07 18:46:27',NULL),(2740,'admin','192.168.31.244','查询字典列表','{ pageTableRequest: PageTableRequest(page=1, limit=10, offset=0) myDict: MyDict(dictId=null, dictName=null, description=null, sort=null, createBy=null, updateBy=null) }','Chrome 8',159,'INFO','com.codermy.myspringsecurityplus.admin.controller.DictController.getDictAll()','2020-11-07 18:47:37',NULL),(2741,'admin','192.168.31.244','查询字典列表','{ pageTableRequest: PageTableRequest(page=1, limit=10, offset=0) myDict: MyDict(dictId=null, dictName=null, description=null, sort=null, createBy=null, updateBy=null) }','Chrome 8',30,'INFO','com.codermy.myspringsecurityplus.admin.controller.DictController.getDictAll()','2020-11-07 18:50:16',NULL),(2742,'admin','192.168.31.244','添加字典','{ myDict: MyDict(dictId=null, dictName=测试1, description=2, sort=1, createBy=null, updateBy=null) }','Chrome 8',5,'INFO','com.codermy.myspringsecurityplus.admin.controller.DictController.saveDict()','2020-11-07 18:50:22',NULL),(2743,'admin','192.168.31.244','添加字典','{ myDict: MyDict(dictId=null, dictName=测试2, description=1, sort=1, createBy=null, updateBy=null) }','Chrome 8',5,'INFO','com.codermy.myspringsecurityplus.admin.controller.DictController.saveDict()','2020-11-07 18:50:52',NULL),(2744,'admin','192.168.31.244','查询字典列表','{ pageTableRequest: PageTableRequest(page=1, limit=10, offset=0) myDict: MyDict(dictId=null, dictName=null, description=null, sort=null, createBy=null, updateBy=null) }','Chrome 8',8,'INFO','com.codermy.myspringsecurityplus.admin.controller.DictController.getDictAll()','2020-11-07 18:50:54',NULL),(2745,'admin','192.168.31.244','查询字典列表','{ pageTableRequest: PageTableRequest(page=1, limit=10, offset=0) myDict: MyDict(dictId=null, dictName=null, description=null, sort=null, createBy=null, updateBy=null) }','Chrome 8',28,'INFO','com.codermy.myspringsecurityplus.admin.controller.DictController.getDictAll()','2020-11-07 18:51:53',NULL),(2746,'admin','192.168.31.244','查询角色','{ request: PageTableRequest(page=1, limit=10, offset=0) myRole: MyRole(roleId=null, roleName=null, dataScope=null, description=null) }','Chrome 8',18,'INFO','com.codermy.myspringsecurityplus.admin.controller.RoleController.roleList()','2020-11-07 18:52:09',NULL),(2747,'admin','192.168.31.244','通过id绘制菜单树','{ roleId: 1 }','Chrome 8',17,'INFO','com.codermy.myspringsecurityplus.admin.controller.MenuController.buildMenuAllByRoleId()','2020-11-07 18:52:12',NULL),(2748,'admin','192.168.31.244','查询字典列表','{ pageTableRequest: PageTableRequest(page=1, limit=10, offset=0) myDict: MyDict(dictId=null, dictName=null, description=null, sort=null, createBy=null, updateBy=null) }','Chrome 8',29,'INFO','com.codermy.myspringsecurityplus.admin.controller.DictController.getDictAll()','2020-11-07 18:58:44',NULL),(2749,'admin','192.168.31.244','查询岗位','{ pageTableRequest: PageTableRequest(page=1, limit=10, offset=0) jobQueryDto: JobQueryDto(queryName=null, queryStatus=null) }','Chrome 8',7,'INFO','com.codermy.myspringsecurityplus.admin.controller.JobController.getJobAll()','2020-11-07 18:59:40',NULL),(2750,'admin','192.168.31.244','查询字典列表','{ pageTableRequest: PageTableRequest(page=1, limit=10, offset=0) myDict: MyDict(dictId=null, dictName=null, description=null, sort=null, createBy=null, updateBy=null) }','Chrome 8',162,'INFO','com.codermy.myspringsecurityplus.admin.controller.DictController.getDictAll()','2020-11-07 19:05:32',NULL),(2751,'admin','192.168.31.244','查询字典列表','{ pageTableRequest: PageTableRequest(page=1, limit=10, offset=0) myDict: MyDict(dictId=null, dictName=null, description=null, sort=null, createBy=null, updateBy=null) }','Chrome 8',6,'INFO','com.codermy.myspringsecurityplus.admin.controller.DictController.getDictAll()','2020-11-07 19:05:40',NULL),(2752,'admin','192.168.31.244','查询字典列表','{ pageTableRequest: PageTableRequest(page=1, limit=10, offset=0) myDict: MyDict(dictId=null, dictName=null, description=null, sort=null, createBy=null, updateBy=null) }','Chrome 8',5,'INFO','com.codermy.myspringsecurityplus.admin.controller.DictController.getDictAll()','2020-11-07 19:05:43',NULL),(2753,'admin','192.168.31.244','查询字典列表','{ pageTableRequest: PageTableRequest(page=1, limit=10, offset=0) myDict: MyDict(dictId=null, dictName=null, description=null, sort=null, createBy=null, updateBy=null) }','Chrome 8',32,'INFO','com.codermy.myspringsecurityplus.admin.controller.DictController.getDictAll()','2020-11-07 19:46:50',NULL),(2754,'admin','192.168.31.244','查询字典列表','{ pageTableRequest: PageTableRequest(page=1, limit=10, offset=0) myDict: MyDict(dictId=null, dictName=null, description=null, sort=null, createBy=null, updateBy=null) }','Chrome 8',29,'INFO','com.codermy.myspringsecurityplus.admin.controller.DictController.getDictAll()','2020-11-07 19:57:43',NULL),(2755,'admin','192.168.31.244','添加字典详情','{ myDictDetail: MyDictDetail(Id=null, dictId=1, label=中性别, value=0, sort=3, createBy=null, updateBy=null) }','Chrome 8',61,'ERROR','com.codermy.myspringsecurityplus.admin.controller.DictDetailController.saveDictDetail()','2020-11-07 19:58:25','org.springframework.dao.DataIntegrityViolationException: \r\n### Error updating database.  Cause: java.sql.SQLException: Field \'id\' doesn\'t have a default value\r\n### The error may exist in com/codermy/myspringsecurityplus/admin/dao/DictDetailDao.java (best guess)\r\n### The error may involve com.codermy.myspringsecurityplus.admin.dao.DictDetailDao.insertDictDetail-Inline\r\n### The error occurred while setting parameters\r\n### SQL: INSERT INTO my_dict_detail(dict_id,label,value, sort,create_time, update_time)values(?,?,?,?, now(), now())\r\n### Cause: java.sql.SQLException: Field \'id\' doesn\'t have a default value\n; Field \'id\' doesn\'t have a default value; nested exception is java.sql.SQLException: Field \'id\' doesn\'t have a default value\r\n	at org.springframework.jdbc.support.SQLErrorCodeSQLExceptionTranslator.doTranslate(SQLErrorCodeSQLExceptionTranslator.java:247)\r\n	at org.springframework.jdbc.support.AbstractFallbackSQLExceptionTranslator.translate(AbstractFallbackSQLExceptionTranslator.java:72)\r\n	at org.mybatis.spring.MyBatisExceptionTranslator.translateExceptionIfPossible(MyBatisExceptionTranslator.java:88)\r\n	at org.mybatis.spring.SqlSessionTemplate$SqlSessionInterceptor.invoke(SqlSessionTemplate.java:440)\r\n	at com.sun.proxy.$Proxy99.insert(Unknown Source)\r\n	at org.mybatis.spring.SqlSessionTemplate.insert(SqlSessionTemplate.java:271)\r\n	at org.apache.ibatis.binding.MapperMethod.execute(MapperMethod.java:62)\r\n	at org.apache.ibatis.binding.MapperProxy$PlainMethodInvoker.invoke(MapperProxy.java:144)\r\n	at org.apache.ibatis.binding.MapperProxy.invoke(MapperProxy.java:85)\r\n	at com.sun.proxy.$Proxy116.insertDictDetail(Unknown Source)\r\n	at com.codermy.myspringsecurityplus.admin.service.impl.DictDetailServiceImpl.insertDictDetail(DictDetailServiceImpl.java:42)\r\n	at com.codermy.myspringsecurityplus.admin.controller.DictDetailController.saveDictDetail(DictDetailController.java:52)\r\n	at com.codermy.myspringsecurityplus.admin.controller.DictDetailController$$FastClassBySpringCGLIB$$1.invoke(<generated>)\r\n	at org.springframework.cglib.proxy.MethodProxy.invoke(MethodProxy.java:218)\r\n	at org.springframework.aop.framework.CglibAopProxy$CglibMethodInvocation.invokeJoinpoint(CglibAopProxy.java:771)\r\n	at org.springframework.aop.framework.ReflectiveMethodInvocation.proceed(ReflectiveMethodInvocation.java:163)\r\n	at org.springframework.aop.framework.CglibAopProxy$CglibMethodInvocation.proceed(CglibAopProxy.java:749)\r\n	at org.springframework.aop.aspectj.AspectJAfterThrowingAdvice.invoke(AspectJAfterThrowingAdvice.java:62)\r\n	at org.springframework.aop.framework.ReflectiveMethodInvocation.proceed(ReflectiveMethodInvocation.java:175)\r\n	at org.springframework.aop.framework.CglibAopProxy$CglibMethodInvocation.proceed(CglibAopProxy.java:749)\r\n	at org.springframework.aop.aspectj.MethodInvocationProceedingJoinPoint.proceed(MethodInvocationProceedingJoinPoint.java:88)\r\n	at com.codermy.myspringsecurityplus.log.aspect.LogAspect.saveSysLog(LogAspect.java:46)\r\n	at sun.reflect.NativeMethodAccessorImpl.invoke0(Native Method)\r\n	at sun.reflect.NativeMethodAccessorImpl.invoke(NativeMethodAccessorImpl.java:62)\r\n	at sun.reflect.DelegatingMethodAccessorImpl.invoke(DelegatingMethodAccessorImpl.java:43)\r\n	at java.lang.reflect.Method.invoke(Method.java:498)\r\n	at org.springframework.aop.aspectj.AbstractAspectJAdvice.invokeAdviceMethodWithGivenArgs(AbstractAspectJAdvice.java:644)\r\n	at org.springframework.aop.aspectj.AbstractAspectJAdvice.invokeAdviceMethod(AbstractAspectJAdvice.java:633)\r\n	at org.springframework.aop.aspectj.AspectJAroundAdvice.invoke(AspectJAroundAdvice.java:70)\r\n	at org.springframework.aop.framework.ReflectiveMethodInvocation.proceed(ReflectiveMethodInvocation.java:175)\r\n	at org.springframework.aop.framework.CglibAopProxy$CglibMethodInvocation.proceed(CglibAopProxy.java:749)\r\n	at org.springframework.security.access.intercept.aopalliance.MethodSecurityInterceptor.invoke(MethodSecurityInterceptor.java:69)\r\n	at org.springframework.aop.framework.ReflectiveMethodInvocation.proceed(ReflectiveMethodInvocation.java:186)\r\n	at org.springframework.aop.framework.CglibAopProxy$CglibMethodInvocation.proceed(CglibAopProxy.java:749)\r\n	at org.springframework.aop.interceptor.ExposeInvocationInterceptor.invoke(ExposeInvocationInterceptor.java:95)\r\n	at org.springframework.aop.framework.ReflectiveMethodInvocation.proceed(ReflectiveMethodInvocation.java:186)\r\n	at org.springframework.aop.framework.CglibAopProxy$CglibMethodInvocation.proceed(CglibAopProxy.java:749)\r\n	at org.springframework.aop.framework.CglibAopProxy$DynamicAdvisedInterceptor.intercept(CglibAopProxy.java:691)\r\n	at com.codermy.myspringsecurityplus.admin.controller.DictDetailController$$EnhancerBySpringCGLIB$$1.saveDictDetail(<generated>)\r\n	at sun.reflect.NativeMethodAccessorImpl.invoke0(Native Method)\r\n	at sun.reflect.NativeMethodAccessorImpl.invoke(NativeMethodAccessorImpl.java:62)\r\n	at sun.reflect.DelegatingMethodAccessorImpl.invoke(DelegatingMethodAccessorImpl.java:43)\r\n	at java.lang.reflect.Method.invoke(Method.java:498)\r\n	at org.springframework.web.method.support.InvocableHandlerMethod.doInvoke(InvocableHandlerMethod.java:190)\r\n	at org.springframework.web.method.support.InvocableHandlerMethod.invokeForRequest(InvocableHandlerMethod.java:138)\r\n	at org.springframework.web.servlet.mvc.method.annotation.ServletInvocableHandlerMethod.invokeAndHandle(ServletInvocableHandlerMethod.java:105)\r\n	at org.springframework.web.servlet.mvc.method.annotation.RequestMappingHandlerAdapter.invokeHandlerMethod(RequestMappingHandlerAdapter.java:879)\r\n	at org.springframework.web.servlet.mvc.method.annotation.RequestMappingHandlerAdapter.handleInternal(RequestMappingHandlerAdapter.java:793)\r\n	at org.springframework.web.servlet.mvc.method.AbstractHandlerMethodAdapter.handle(AbstractHandlerMethodAdapter.java:87)\r\n	at org.springframework.web.servlet.DispatcherServlet.doDispatch(DispatcherServlet.java:1040)\r\n	at org.springframework.web.servlet.DispatcherServlet.doService(DispatcherServlet.java:943)\r\n	at org.springframework.web.servlet.FrameworkServlet.processRequest(FrameworkServlet.java:1006)\r\n	at org.springframework.web.servlet.FrameworkServlet.doPost(FrameworkServlet.java:909)\r\n	at javax.servlet.http.HttpServlet.service(HttpServlet.java:660)\r\n	at org.springframework.web.servlet.FrameworkServlet.service(FrameworkServlet.java:883)\r\n	at javax.servlet.http.HttpServlet.service(HttpServlet.java:741)\r\n	at org.apache.catalina.core.ApplicationFilterChain.internalDoFilter(ApplicationFilterChain.java:231)\r\n	at org.apache.catalina.core.ApplicationFilterChain.doFilter(ApplicationFilterChain.java:166)\r\n	at org.apache.tomcat.websocket.server.WsFilter.doFilter(WsFilter.java:53)\r\n	at org.apache.catalina.core.ApplicationFilterChain.internalDoFilter(ApplicationFilterChain.java:193)\r\n	at org.apache.catalina.core.ApplicationFilterChain.doFilter(ApplicationFilterChain.java:166)\r\n	at org.springframework.web.filter.OncePerRequestFilter.doFilter(OncePerRequestFilter.java:113)\r\n	at org.apache.catalina.core.ApplicationFilterChain.internalDoFilter(ApplicationFilterChain.java:193)\r\n	at org.apache.catalina.core.ApplicationFilterChain.doFilter(ApplicationFilterChain.java:166)\r\n	at com.codermy.myspringsecurityplus.security.filter.JwtAuthenticationTokenFilter.doFilterInternal(JwtAuthenticationTokenFilter.java:60)\r\n	at org.springframework.web.filter.OncePerRequestFilter.doFilter(OncePerRequestFilter.java:119)\r\n	at org.apache.catalina.core.ApplicationFilterChain.internalDoFilter(ApplicationFilterChain.java:193)\r\n	at org.apache.catalina.core.ApplicationFilterChain.doFilter(ApplicationFilterChain.java:166)\r\n	at org.springframework.security.web.FilterChainProxy$VirtualFilterChain.doFilter(FilterChainProxy.java:320)\r\n	at org.springframework.security.web.access.intercept.FilterSecurityInterceptor.invoke(FilterSecurityInterceptor.java:126)\r\n	at org.springframework.security.web.access.intercept.FilterSecurityInterceptor.doFilter(FilterSecurityInterceptor.java:90)\r\n	at org.springframework.security.web.FilterChainProxy$VirtualFilterChain.doFilter(FilterChainProxy.java:334)\r\n	at org.springframework.security.web.access.ExceptionTranslationFilter.doFilter(ExceptionTranslationFilter.java:118)\r\n	at org.springframework.security.web.FilterChainProxy$VirtualFilterChain.doFilter(FilterChainProxy.java:334)\r\n	at org.springframework.security.web.session.SessionManagementFilter.doFilter(SessionManagementFilter.java:137)\r\n	at org.springframework.security.web.FilterChainProxy$VirtualFilterChain.doFilter(FilterChainProxy.java:334)\r\n	at org.springframework.security.web.authentication.AnonymousAuthenticationFilter.doFilter(AnonymousAuthenticationFilter.java:111)\r\n	at org.springframework.security.web.FilterChainProxy$VirtualFilterChain.doFilter(FilterChainProxy.java:334)\r\n	at org.springframework.security.web.authentication.rememberme.RememberMeAuthenticationFilter.doFilter(RememberMeAuthenticationFilter.java:158)\r\n	at org.springframework.security.web.FilterChainProxy$VirtualFilterChain.doFilter(FilterChainProxy.java:334)\r\n	at org.springframework.security.web.servletapi.SecurityContextHolderAwareRequestFilter.doFilter(SecurityContextHolderAwareRequestFilter.java:158)\r\n	at org.springframework.security.web.FilterChainProxy$VirtualFilterChain.doFilter(FilterChainProxy.java:334)\r\n	at org.springframework.security.web.savedrequest.RequestCacheAwareFilter.doFilter(RequestCacheAwareFilter.java:63)\r\n	at org.springframework.security.web.FilterChainProxy$VirtualFilterChain.doFilter(FilterChainProxy.java:334)\r\n	at org.springframework.security.web.authentication.www.BasicAuthenticationFilter.doFilterInternal(BasicAuthenticationFilter.java:155)\r\n	at org.springframework.web.filter.OncePerRequestFilter.doFilter(OncePerRequestFilter.java:119)\r\n	at org.springframework.security.web.FilterChainProxy$VirtualFilterChain.doFilter(FilterChainProxy.java:334)\r\n	at org.springframework.security.web.authentication.AbstractAuthenticationProcessingFilter.doFilter(AbstractAuthenticationProcessingFilter.java:200)\r\n	at org.springframework.security.web.FilterChainProxy$VirtualFilterChain.doFilter(FilterChainProxy.java:334)\r\n	at com.codermy.myspringsecurityplus.security.filter.VerifyCodeFilter.doFilterInternal(VerifyCodeFilter.java:51)\r\n	at org.springframework.web.filter.OncePerRequestFilter.doFilter(OncePerRequestFilter.java:119)\r\n	at org.springframework.security.web.FilterChainProxy$VirtualFilterChain.doFilter(FilterChainProxy.java:334)\r\n	at org.springframework.security.web.authentication.logout.LogoutFilter.doFilter(LogoutFilter.java:116)\r\n	at org.springframework.security.web.FilterChainProxy$VirtualFilterChain.doFilter(FilterChainProxy.java:334)\r\n	at org.springframework.security.web.header.HeaderWriterFilter.doHeadersAfter(HeaderWriterFilter.java:92)\r\n	at org.springframework.security.web.header.HeaderWriterFilter.doFilterInternal(HeaderWriterFilter.java:77)\r\n	at org.springframework.web.filter.OncePerRequestFilter.doFilter(OncePerRequestFilter.java:119)\r\n	at org.springframework.security.web.FilterChainProxy$VirtualFilterChain.doFilter(FilterChainProxy.java:334)\r\n	at org.springframework.security.web.context.SecurityContextPersistenceFilter.doFilter(SecurityContextPersistenceFilter.java:105)\r\n	at org.springframework.security.web.FilterChainProxy$VirtualFilterChain.doFilter(FilterChainProxy.java:334)\r\n	at org.springframework.security.web.context.request.async.WebAsyncManagerIntegrationFilter.doFilterInternal(WebAsyncManagerIntegrationFilter.java:56)\r\n	at org.springframework.web.filter.OncePerRequestFilter.doFilter(OncePerRequestFilter.java:119)\r\n	at org.springframework.security.web.FilterChainProxy$VirtualFilterChain.doFilter(FilterChainProxy.java:334)\r\n	at org.springframework.security.web.FilterChainProxy.doFilterInternal(FilterChainProxy.java:215)\r\n	at org.springframework.security.web.FilterChainProxy.doFilter(FilterChainProxy.java:178)\r\n	at org.springframework.web.filter.DelegatingFilterProxy.invokeDelegate(DelegatingFilterProxy.java:358)\r\n	at org.springframework.web.filter.DelegatingFilterProxy.doFilter(DelegatingFilterProxy.java:271)\r\n	at org.apache.catalina.core.ApplicationFilterChain.internalDoFilter(ApplicationFilterChain.java:193)\r\n	at org.apache.catalina.core.ApplicationFilterChain.doFilter(ApplicationFilterChain.java:166)\r\n	at org.springframework.web.filter.RequestContextFilter.doFilterInternal(RequestContextFilter.java:100)\r\n	at org.springframework.web.filter.OncePerRequestFilter.doFilter(OncePerRequestFilter.java:119)\r\n	at org.apache.catalina.core.ApplicationFilterChain.internalDoFilter(ApplicationFilterChain.java:193)\r\n	at org.apache.catalina.core.ApplicationFilterChain.doFilter(ApplicationFilterChain.java:166)\r\n	at org.springframework.web.filter.FormContentFilter.doFilterInternal(FormContentFilter.java:93)\r\n	at org.springframework.web.filter.OncePerRequestFilter.doFilter(OncePerRequestFilter.java:119)\r\n	at org.apache.catalina.core.ApplicationFilterChain.internalDoFilter(ApplicationFilterChain.java:193)\r\n	at org.apache.catalina.core.ApplicationFilterChain.doFilter(ApplicationFilterChain.java:166)\r\n	at org.springframework.web.filter.CharacterEncodingFilter.doFilterInternal(CharacterEncodingFilter.java:201)\r\n	at org.springframework.web.filter.OncePerRequestFilter.doFilter(OncePerRequestFilter.java:119)\r\n	at org.apache.catalina.core.ApplicationFilterChain.internalDoFilter(ApplicationFilterChain.java:193)\r\n	at org.apache.catalina.core.ApplicationFilterChain.doFilter(ApplicationFilterChain.java:166)\r\n	at org.apache.catalina.core.StandardWrapperValve.invoke(StandardWrapperValve.java:202)\r\n	at org.apache.catalina.core.StandardContextValve.__invoke(StandardContextValve.java:96)\r\n	at org.apache.catalina.core.StandardContextValve.invoke(StandardContextValve.java:41002)\r\n	at org.apache.catalina.authenticator.AuthenticatorBase.invoke(AuthenticatorBase.java:541)\r\n	at org.apache.catalina.core.StandardHostValve.invoke(StandardHostValve.java:139)\r\n	at org.apache.catalina.valves.ErrorReportValve.invoke(ErrorReportValve.java:92)\r\n	at org.apache.catalina.core.StandardEngineValve.invoke(StandardEngineValve.java:74)\r\n	at org.apache.catalina.connector.CoyoteAdapter.service(CoyoteAdapter.java:343)\r\n	at org.apache.coyote.http11.Http11Processor.service(Http11Processor.java:373)\r\n	at org.apache.coyote.AbstractProcessorLight.process(AbstractProcessorLight.java:65)\r\n	at org.apache.coyote.AbstractProtocol$ConnectionHandler.process(AbstractProtocol.java:868)\r\n	at org.apache.tomcat.util.net.NioEndpoint$SocketProcessor.doRun(NioEndpoint.java:1590)\r\n	at org.apache.tomcat.util.net.SocketProcessorBase.run(SocketProcessorBase.java:49)\r\n	at java.util.concurrent.ThreadPoolExecutor.runWorker(ThreadPoolExecutor.java:1149)\r\n	at java.util.concurrent.ThreadPoolExecutor$Worker.run(ThreadPoolExecutor.java:624)\r\n	at org.apache.tomcat.util.threads.TaskThread$WrappingRunnable.run(TaskThread.java:61)\r\n	at java.lang.Thread.run(Thread.java:748)\r\nCaused by: java.sql.SQLException: Field \'id\' doesn\'t have a default value\r\n	at com.mysql.cj.jdbc.exceptions.SQLError.createSQLException(SQLError.java:129)\r\n	at com.mysql.cj.jdbc.exceptions.SQLError.createSQLException(SQLError.java:97)\r\n	at com.mysql.cj.jdbc.exceptions.SQLExceptionsMapping.translateException(SQLExceptionsMapping.java:122)\r\n	at com.mysql.cj.jdbc.ClientPreparedStatement.executeInternal(ClientPreparedStatement.java:953)\r\n	at com.mysql.cj.jdbc.ClientPreparedStatement.execute(ClientPreparedStatement.java:370)\r\n	at com.alibaba.druid.filter.FilterChainImpl.preparedStatement_execute(FilterChainImpl.java:3461)\r\n	at com.alibaba.druid.filter.FilterEventAdapter.preparedStatement_execute(FilterEventAdapter.java:440)\r\n	at com.alibaba.druid.filter.FilterChainImpl.preparedStatement_execute(FilterChainImpl.java:3459)\r\n	at com.alibaba.druid.proxy.jdbc.PreparedStatementProxyImpl.execute(PreparedStatementProxyImpl.java:167)\r\n	at com.alibaba.druid.pool.DruidPooledPreparedStatement.execute(DruidPooledPreparedStatement.java:497)\r\n	at org.apache.ibatis.executor.statement.PreparedStatementHandler.update(PreparedStatementHandler.java:47)\r\n	at org.apache.ibatis.executor.statement.RoutingStatementHandler.update(RoutingStatementHandler.java:74)\r\n	at org.apache.ibatis.executor.SimpleExecutor.doUpdate(SimpleExecutor.java:50)\r\n	at org.apache.ibatis.executor.BaseExecutor.update(BaseExecutor.java:117)\r\n	at org.apache.ibatis.executor.CachingExecutor.update(CachingExecutor.java:76)\r\n	at sun.reflect.NativeMethodAccessorImpl.invoke0(Native Method)\r\n	at sun.reflect.NativeMethodAccessorImpl.invoke(NativeMethodAccessorImpl.java:62)\r\n	at sun.reflect.DelegatingMethodAccessorImpl.invoke(DelegatingMethodAccessorImpl.java:43)\r\n	at java.lang.reflect.Method.invoke(Method.java:498)\r\n	at org.apache.ibatis.plugin.Plugin.invoke(Plugin.java:63)\r\n	at com.sun.proxy.$Proxy153.update(Unknown Source)\r\n	at org.apache.ibatis.session.defaults.DefaultSqlSession.update(DefaultSqlSession.java:197)\r\n	at org.apache.ibatis.session.defaults.DefaultSqlSession.insert(DefaultSqlSession.java:184)\r\n	at sun.reflect.NativeMethodAccessorImpl.invoke0(Native Method)\r\n	at sun.reflect.NativeMethodAccessorImpl.invoke(NativeMethodAccessorImpl.java:62)\r\n	at sun.reflect.DelegatingMethodAccessorImpl.invoke(DelegatingMethodAccessorImpl.java:43)\r\n	at java.lang.reflect.Method.invoke(Method.java:498)\r\n	at org.mybatis.spring.SqlSessionTemplate$SqlSessionInterceptor.invoke(SqlSessionTemplate.java:426)\r\n	... 134 more\r\n'),(2756,'admin','192.168.31.244','添加字典详情','{ myDictDetail: MyDictDetail(Id=null, dictId=1, label=中性别, value=0, sort=3, createBy=null, updateBy=null) }','Chrome 8',3,'INFO','com.codermy.myspringsecurityplus.admin.controller.DictDetailController.saveDictDetail()','2020-11-07 19:58:37',NULL),(2757,'admin','192.168.31.244','查询字典列表','{ pageTableRequest: PageTableRequest(page=1, limit=10, offset=0) myDict: MyDict(dictId=null, dictName=null, description=null, sort=null, createBy=null, updateBy=null) }','Chrome 8',33,'INFO','com.codermy.myspringsecurityplus.admin.controller.DictController.getDictAll()','2020-11-07 20:04:22',NULL),(2758,'admin','192.168.31.244','查询岗位','{ pageTableRequest: PageTableRequest(page=1, limit=10, offset=0) jobQueryDto: JobQueryDto(queryName=null, queryStatus=null) }','Chrome 8',6,'INFO','com.codermy.myspringsecurityplus.admin.controller.JobController.getJobAll()','2020-11-07 20:05:06',NULL),(2759,'admin','192.168.31.244','查询字典列表','{ pageTableRequest: PageTableRequest(page=1, limit=10, offset=0) myDict: MyDict(dictId=null, dictName=null, description=null, sort=null, createBy=null, updateBy=null) }','Chrome 8',4,'INFO','com.codermy.myspringsecurityplus.admin.controller.DictController.getDictAll()','2020-11-07 20:05:08',NULL),(2760,'admin','192.168.42.1','查询角色','{ request: PageTableRequest(page=1, limit=10, offset=0) myRole: MyRole(roleId=null, roleName=null, dataScope=null, description=null) }','Chrome 8',89,'INFO','com.codermy.myspringsecurityplus.admin.controller.RoleController.roleList()','2021-05-20 04:01:54',NULL),(2761,'admin','192.168.42.1','绘制部门树','{ deptDto: DeptDto(id=null, parentId=null, checkArr=0, title=null) }','Chrome 8',10,'INFO','com.codermy.myspringsecurityplus.admin.controller.DeptController.buildDeptAll()','2021-05-20 04:01:55',NULL),(2762,'admin','192.168.42.1','查询用户','{ pageTableRequest: PageTableRequest(page=1, limit=10, offset=0) myUser: MyUser(userId=null, deptId=null, userName=null, password=null, nickName=null, phone=null, email=null, status=null, roleId=null, jobIds=null) }','Chrome 8',15,'INFO','com.codermy.myspringsecurityplus.admin.controller.UserController.userList()','2021-05-20 04:01:55',NULL),(2763,'admin','192.168.42.1','查询字典列表','{ pageTableRequest: PageTableRequest(page=1, limit=10, offset=0) myDict: MyDict(dictId=null, dictName=null, description=null, sort=null, createBy=null, updateBy=null) }','Chrome 8',11,'INFO','com.codermy.myspringsecurityplus.admin.controller.DictController.getDictAll()','2021-05-20 04:01:56',NULL),(2764,'admin','192.168.42.1','查询部门','{ myDept: MyDept(deptId=null, parentId=null, ancestors=null, deptName=null, sort=null, status=null) }','Chrome 8',5,'INFO','com.codermy.myspringsecurityplus.admin.controller.DeptController.getDeptAll()','2021-05-20 04:01:57',NULL),(2765,'admin','192.168.42.1','绘制菜单树','{ }','Chrome 8',15,'INFO','com.codermy.myspringsecurityplus.admin.controller.MenuController.buildMenuAll()','2021-05-20 04:02:21',NULL);

/*Table structure for table `my_menu` */

DROP TABLE IF EXISTS `my_menu`;

CREATE TABLE `my_menu` (
  `menu_id` int(32) NOT NULL AUTO_INCREMENT COMMENT 'id值',
  `parent_id` int(32) NOT NULL COMMENT '父级菜单id',
  `menu_name` varchar(255) NOT NULL COMMENT '菜单名称',
  `icon` varchar(255) DEFAULT NULL COMMENT '菜单图标',
  `url` varchar(255) DEFAULT NULL COMMENT 'url',
  `permission` varchar(255) DEFAULT NULL COMMENT '权限',
  `sort` int(12) DEFAULT NULL COMMENT '排序',
  `type` tinyint(1) NOT NULL COMMENT '类型',
  `create_time` datetime NOT NULL COMMENT '创建时间',
  `update_time` datetime NOT NULL COMMENT '更新时间',
  PRIMARY KEY (`menu_id`) USING BTREE
) ENGINE=InnoDB AUTO_INCREMENT=90 DEFAULT CHARSET=utf8 ROW_FORMAT=DYNAMIC;

/*Data for the table `my_menu` */

insert  into `my_menu`(`menu_id`,`parent_id`,`menu_name`,`icon`,`url`,`permission`,`sort`,`type`,`create_time`,`update_time`) values (1,0,'工作空间','layui-icon layui-icon-console','','',1,0,'2020-07-13 20:14:26','2020-07-14 14:38:28'),(2,1,'控制后台','layui-icon layui-icon-console','/api/console','',2,1,'2020-07-13 20:19:02','2020-07-13 20:19:08'),(3,0,'系统管理','layui-icon layui-icon-set-fill','','',3,0,'2020-07-10 09:33:00','2020-07-12 21:03:22'),(4,3,'用户管理','layui-icon layui-icon-username','/api/user/index','user:list',4,1,'2020-07-10 09:33:33','2020-07-13 09:30:12'),(5,3,'角色管理','layui-icon layui-icon-user','/api/role/index','role:list',5,1,'2020-07-10 09:34:17','2020-07-10 09:34:20'),(6,3,'菜单管理','layui-icon layui-icon-vercode','/api/menu/index','menu:list',6,1,'2020-07-10 09:34:50','2020-07-10 09:34:53'),(7,0,'系统监控','layui-icon layui-icon-console','','',7,0,'2020-07-10 09:35:20','2020-07-12 20:58:31'),(8,7,'SQL监控','layui-icon layui-icon-chart','/druid/login','',8,1,'2020-07-10 09:35:50','2020-07-10 09:35:53'),(9,7,'接口文档','layui-icon layui-icon-chart','/swagger-ui.html',NULL,9,1,'2020-07-10 09:36:11','2020-07-12 20:04:57'),(10,0,'错误页面','layui-icon layui-icon-auz',NULL,NULL,10,0,'2020-07-14 13:31:16','2020-07-14 13:31:24'),(11,10,'403','layui-icon layui-icon layui-icon-face-cry','/api/403','',11,1,'2020-07-14 13:36:47','2020-08-23 12:05:38'),(12,10,'404','layui-icon layui-icon-face-cry','/api/404',NULL,12,1,'2020-07-14 13:37:22','2020-07-14 13:37:25'),(13,10,'500','layui-icon layui-icon layui-icon layui-icon layui-icon layui-icon layui-icon-face-cry','/api/500','',13,1,'2020-07-14 13:38:09','2020-08-27 14:59:07'),(14,4,'用户新增',NULL,NULL,'user:add',4,2,'2020-07-10 09:36:41','2020-07-10 09:36:44'),(15,4,'用户编辑',NULL,NULL,'user:edit',4,2,'2020-07-10 09:37:16','2020-07-10 09:37:18'),(16,4,'用户删除',NULL,NULL,'user:del',4,2,'2020-07-10 09:37:38','2020-07-10 09:37:40'),(17,5,'角色新增',NULL,NULL,'role:add',5,2,'2020-07-10 09:38:02','2020-07-10 09:38:05'),(18,5,'角色编辑',NULL,NULL,'role:edit',5,2,'2020-07-10 09:38:30','2020-07-10 09:38:32'),(19,5,'角色删除',NULL,NULL,'role:del',5,2,'2020-07-10 09:38:51','2020-07-10 09:38:54'),(20,6,'菜单新增',NULL,NULL,'menu:add',6,2,'2020-07-10 09:39:16','2020-07-10 09:39:21'),(21,6,'菜单修改',NULL,NULL,'menu:edit',6,2,'2020-07-10 09:39:46','2020-07-10 09:39:48'),(22,6,'菜单删除',NULL,NULL,'menu:del',6,2,'2020-07-10 09:40:08','2020-07-10 09:40:10'),(35,7,'操作日志','layui-icon-group','/api/log/index','log:list',7,1,'2020-08-04 11:38:45','2020-08-04 11:38:58'),(36,7,'异常日志','layui-icon-face-cry','/api/log/error/index','errorLog:list',7,1,'2020-08-04 11:42:22','2020-08-04 11:42:22'),(66,35,'日志删除','layui-icon ','','log:del',7,2,'2020-08-09 15:16:03','2020-08-09 15:16:03'),(67,36,'异常日志删除','layui-icon layui-icon layui-icon ','','errorLog:del',7,2,'2020-08-09 15:16:30','2020-08-09 15:16:59'),(68,3,'部门管理','layui-icon layui-icon layui-icon layui-icon-group','/api/dept/index','dept:list',7,1,'2020-08-19 15:03:27','2020-08-23 16:34:51'),(69,3,'岗位管理','layui-icon layui-icon layui-icon layui-icon-group','/api/job/index','job:list',8,1,'2020-08-19 16:31:46','2020-08-23 16:32:14'),(70,0,'系统工具','layui-icon layui-icon layui-icon-app','','',8,0,'2020-08-19 18:43:13','2020-08-20 11:43:19'),(71,70,'定时任务','layui-icon layui-icon-play','/api/quartz/index','',9,1,'2020-08-21 09:17:54','2020-08-21 09:20:37'),(75,69,'岗位新增','layui-icon ','','job:add',9,2,'2020-08-23 16:32:59','2020-08-23 16:32:59'),(76,69,'岗位修改','layui-icon ','','job:edit',10,2,'2020-08-23 16:33:36','2020-08-23 16:33:36'),(77,69,'岗位删除','layui-icon ','','job:del',10,2,'2020-08-23 16:34:08','2020-08-23 16:34:08'),(78,68,'部门新增','layui-icon ','','dept:add',8,2,'2020-08-23 16:34:39','2020-08-23 16:34:39'),(79,68,'部门修改','layui-icon ','','dept:edit',9,2,'2020-08-23 16:35:18','2020-08-23 16:35:18'),(80,68,'部门删除','layui-icon ','','dept:del',10,2,'2020-08-23 16:35:41','2020-08-23 16:35:41'),(81,7,'在线用户','layui-icon layui-icon layui-icon layui-icon-username','/api/online/index','',7,1,'2020-08-26 14:34:16','2020-08-26 14:38:16'),(82,70,'代码生成','layui-icon layui-icon layui-icon-fonts-code','/api/generator/index','',10,1,'2020-08-26 14:35:10','2020-08-26 14:37:56'),(85,70,'表单构建','layui-icon layui-icon-fire','/api/form/build','',11,1,'2020-10-01 13:20:34','2020-10-01 13:20:45'),(86,3,'字典管理','layui-icon layui-icon-form','/api/dict/index','dict:list',9,1,'2020-11-07 14:44:36','2020-11-07 14:45:33'),(87,86,'字典新增','layui-icon ','','dict:add',11,2,'2020-11-07 14:46:21','2020-11-07 14:46:21'),(88,86,'字典修改','layui-icon ','','dict:edit',12,2,'2020-11-07 14:46:52','2020-11-07 14:46:52'),(89,86,'字典删除','layui-icon ','','dict:del',13,2,'2020-11-07 14:47:15','2020-11-07 14:47:15');

/*Table structure for table `my_role` */

DROP TABLE IF EXISTS `my_role`;

CREATE TABLE `my_role` (
  `role_id` int(32) NOT NULL AUTO_INCREMENT COMMENT 'id值',
  `role_name` varchar(255) NOT NULL COMMENT '名称',
  `description` varchar(255) DEFAULT NULL COMMENT '描述',
  `create_time` datetime DEFAULT NULL COMMENT '创建时间',
  `update_time` datetime DEFAULT NULL COMMENT '更新时间',
  `data_scope` char(1) DEFAULT NULL COMMENT '数据范围（1：全部数据权限 2：自定数据权限 3：本部门数据权限 4：本部门及以下数据权限）',
  PRIMARY KEY (`role_id`) USING BTREE
) ENGINE=InnoDB AUTO_INCREMENT=3 DEFAULT CHARSET=utf8 ROW_FORMAT=DYNAMIC;

/*Data for the table `my_role` */

insert  into `my_role`(`role_id`,`role_name`,`description`,`create_time`,`update_time`,`data_scope`) values (1,'ADMIN','超级管理员，拥有所有权限','2020-07-10 09:40:35','2020-11-07 14:47:39','1'),(2,'USER','普通用户','2020-07-10 09:40:56','2020-11-07 14:47:52','2');

/*Table structure for table `my_role_dept` */

DROP TABLE IF EXISTS `my_role_dept`;

CREATE TABLE `my_role_dept` (
  `role_id` int(32) NOT NULL COMMENT '角色id',
  `dept_id` int(32) NOT NULL COMMENT '部门id',
  PRIMARY KEY (`role_id`,`dept_id`) USING BTREE
) ENGINE=InnoDB DEFAULT CHARSET=utf8 ROW_FORMAT=DYNAMIC;

/*Data for the table `my_role_dept` */

insert  into `my_role_dept`(`role_id`,`dept_id`) values (2,5),(2,6),(2,7);

/*Table structure for table `my_role_menu` */

DROP TABLE IF EXISTS `my_role_menu`;

CREATE TABLE `my_role_menu` (
  `role_id` int(32) NOT NULL COMMENT '角色id',
  `menu_id` int(32) NOT NULL COMMENT '菜单id',
  PRIMARY KEY (`role_id`,`menu_id`) USING BTREE
) ENGINE=InnoDB DEFAULT CHARSET=utf8 ROW_FORMAT=DYNAMIC;

/*Data for the table `my_role_menu` */

insert  into `my_role_menu`(`role_id`,`menu_id`) values (1,1),(1,2),(1,3),(1,4),(1,5),(1,6),(1,7),(1,8),(1,9),(1,10),(1,11),(1,12),(1,13),(1,14),(1,15),(1,16),(1,17),(1,18),(1,19),(1,20),(1,21),(1,22),(1,35),(1,36),(1,66),(1,67),(1,68),(1,69),(1,70),(1,71),(1,75),(1,76),(1,77),(1,78),(1,79),(1,80),(1,81),(1,82),(1,85),(1,86),(1,87),(1,88),(1,89),(2,1),(2,2),(2,3),(2,4),(2,5),(2,6),(2,10),(2,11),(2,12),(2,13),(2,14),(2,15),(2,16),(2,68),(2,69),(2,70),(2,71),(2,78),(2,79),(2,80),(2,86);

/*Table structure for table `my_role_user` */

DROP TABLE IF EXISTS `my_role_user`;

CREATE TABLE `my_role_user` (
  `user_id` int(32) NOT NULL COMMENT '用户id',
  `role_id` int(32) NOT NULL COMMENT '角色id',
  PRIMARY KEY (`user_id`) USING BTREE
) ENGINE=InnoDB DEFAULT CHARSET=utf8 ROW_FORMAT=DYNAMIC;

/*Data for the table `my_role_user` */

insert  into `my_role_user`(`user_id`,`role_id`) values (1,1),(2,2),(3,2),(4,2),(5,2),(6,2),(7,2),(8,2);

/*Table structure for table `my_user` */

DROP TABLE IF EXISTS `my_user`;

CREATE TABLE `my_user` (
  `user_id` int(32) NOT NULL AUTO_INCREMENT COMMENT 'id值',
  `dept_id` int(32) DEFAULT NULL COMMENT '部门id',
  `user_name` varchar(255) NOT NULL COMMENT '用户名',
  `password` varchar(255) NOT NULL COMMENT '密码',
  `nick_name` varchar(255) NOT NULL COMMENT '用户昵称',
  `phone` varchar(11) NOT NULL COMMENT '手机号',
  `email` varchar(50) DEFAULT NULL COMMENT '邮箱',
  `status` tinyint(1) NOT NULL COMMENT '状态',
  `create_time` datetime NOT NULL COMMENT '创建时间',
  `update_time` datetime NOT NULL COMMENT '更新时间',
  PRIMARY KEY (`user_id`) USING BTREE
) ENGINE=InnoDB AUTO_INCREMENT=9 DEFAULT CHARSET=utf8 ROW_FORMAT=DYNAMIC;

/*Data for the table `my_user` */

insert  into `my_user`(`user_id`,`dept_id`,`user_name`,`password`,`nick_name`,`phone`,`email`,`status`,`create_time`,`update_time`) values (1,1,'admin','$2a$10$pAuzCLIe6Sl7kXfX6FEQ1uzM79V2njg.KtL9qawg9JkW7e1f417k2','管理员','13556336255','1454564646@qq.com',1,'2020-07-10 09:42:03','2020-08-23 16:24:34'),(2,2,'test','$2a$10$pAuzCLIe6Sl7kXfX6FEQ1uzM79V2njg.KtL9qawg9JkW7e1f417k2','测试用户','13556336256','1454564646@163.com',1,'2020-07-10 09:42:09','2020-07-13 17:49:49'),(3,2,'test1','$2a$10$exOfpFK2TNHnAdG/aaVTFeCDLihkg8JfD1qGWKjCOBdicxcQJax5W','普通用户2','13556336257','1454564646@qq.com',1,'2020-07-10 09:42:14','2020-07-10 09:42:16'),(4,2,'test2','$2a$10$RR665iMnfCuYGY0Af344U.Fy3XmGcgjkURENW/Zea/oAEhuiLyjO.','普通用户3','13556336258','1454564646@qq.com',1,'2020-07-10 09:42:19','2020-07-10 09:42:21'),(5,3,'test3','$2a$10$o0lZgmzReca24TP5viy/nOrPQty4jga1W.BG5SvgdeK9eprm.NoMa','普通用户4','13556336259','1454564646@qq.com',1,'2020-07-10 09:42:23','2020-07-10 09:42:25'),(6,3,'test4','$2a$10$jNU1gXN.wAPhq5vUmLrCoeyDJbF3ReSnYQ2IulJA99drcMs1w1Som','封禁用户','13556336250','1454564646@qq.com',0,'2020-07-10 09:42:27','2020-07-13 17:54:11'),(7,3,'test5','$2a$10$ADEBRX13Z9vvNxzdu/HiROaB1F7rYd5DHpE9UWeXtNOSbeB1tcWie','封禁用户2','13556336211','1454564646@qq.com',0,'2020-07-10 09:42:32','2020-07-10 09:42:34'),(8,6,'test6','$2a$10$2aLbMBdNottSq13J.tfIF.5IFgTcDlWwOQI7btckzsq3vl2KtWOV6','测试修改','13556336253','1454564646@qq.com',1,'2020-07-10 09:42:36','2020-10-01 14:24:19');

/*Table structure for table `my_user_job` */

DROP TABLE IF EXISTS `my_user_job`;

CREATE TABLE `my_user_job` (
  `user_id` int(32) NOT NULL COMMENT '岗位id',
  `job_id` int(32) NOT NULL COMMENT '工作id',
  PRIMARY KEY (`user_id`,`job_id`) USING BTREE
) ENGINE=InnoDB DEFAULT CHARSET=utf8 ROW_FORMAT=DYNAMIC;

/*Data for the table `my_user_job` */

insert  into `my_user_job`(`user_id`,`job_id`) values (1,1),(2,2),(3,3),(4,2),(5,1),(6,2),(7,3),(8,2),(8,3);

/*Table structure for table `resource_lock` */

DROP TABLE IF EXISTS `resource_lock`;

CREATE TABLE `resource_lock` (
  `id` int(4) NOT NULL AUTO_INCREMENT COMMENT '主键',
  `resource_name` varchar(64) NOT NULL DEFAULT '' COMMENT '锁定的资源名',
  `owner` varchar(64) NOT NULL DEFAULT '' COMMENT '锁拥有者',
  `desc` varchar(1024) NOT NULL DEFAULT '备注信息',
  `update_time` timestamp NOT NULL DEFAULT CURRENT_TIMESTAMP ON UPDATE CURRENT_TIMESTAMP COMMENT '保存数据时间，自动生成',
  PRIMARY KEY (`id`),
  UNIQUE KEY `uidx_resource_name` (`resource_name`) USING BTREE
) ENGINE=InnoDB DEFAULT CHARSET=utf8 COMMENT='锁定中的资源';

/*Data for the table `resource_lock` */

/*Table structure for table `runoob_tbl` */

DROP TABLE IF EXISTS `runoob_tbl`;

CREATE TABLE `runoob_tbl` (
  `runoob_id` int(10) unsigned NOT NULL AUTO_INCREMENT,
  `runoob_title` varchar(100) NOT NULL,
  `runoob_author` varchar(40) NOT NULL,
  `submission_date` date DEFAULT NULL,
  PRIMARY KEY (`runoob_id`)
) ENGINE=InnoDB AUTO_INCREMENT=4 DEFAULT CHARSET=utf8;

/*Data for the table `runoob_tbl` */

insert  into `runoob_tbl`(`runoob_id`,`runoob_title`,`runoob_author`,`submission_date`) values (1,'学习 PHP','菜鸟教程','2020-10-18'),(2,'学习 MySQL','菜鸟教程.com','2020-10-18');

/*Table structure for table `statistics_daily` */

DROP TABLE IF EXISTS `statistics_daily`;

CREATE TABLE `statistics_daily` (
  `id` char(19) NOT NULL COMMENT '主键',
  `date_calculated` varchar(20) NOT NULL COMMENT '统计日期',
  `register_num` int(11) NOT NULL DEFAULT '0' COMMENT '注册人数',
  `gmt_create` datetime NOT NULL COMMENT '创建时间',
  `gmt_modified` datetime NOT NULL COMMENT '更新时间',
  PRIMARY KEY (`id`),
  KEY `statistics_day` (`date_calculated`)
) ENGINE=InnoDB DEFAULT CHARSET=utf8 COMMENT='网站统计日数据';

/*Data for the table `statistics_daily` */

insert  into `statistics_daily`(`id`,`date_calculated`,`register_num`,`gmt_create`,`gmt_modified`) values ('1','2016-04-20',2,'2021-05-24 23:25:29','2021-05-17 23:25:32'),('1396487335675285505','2016-04-19',1,'2021-05-23 23:25:01','2021-05-23 23:25:01'),('1396489105730293761','2021-05-05',0,'2021-05-23 23:32:03','2021-05-23 23:32:03'),('1397151223039258626','2021-05-01',0,'2021-05-25 19:23:04','2021-05-25 19:23:04'),('1397236017865441282','2021-05-25',0,'2021-05-26 01:00:01','2021-05-26 01:00:01'),('2','2016-04-21',13,'2021-05-23 23:26:01','2021-05-23 23:26:03');

/*Table structure for table `tcount_tbl` */

DROP TABLE IF EXISTS `tcount_tbl`;

CREATE TABLE `tcount_tbl` (
  `runoob_author` char(20) DEFAULT NULL,
  `runoob_count` char(20) DEFAULT NULL
) ENGINE=InnoDB DEFAULT CHARSET=utf8;

/*Data for the table `tcount_tbl` */

insert  into `tcount_tbl`(`runoob_author`,`runoob_count`) values ('菜鸟教程','10'),('RUNOOB.COM','20'),('Google','22');

/*Table structure for table `testalter_tbl` */

DROP TABLE IF EXISTS `testalter_tbl`;

CREATE TABLE `testalter_tbl` (
  `c` char(1) DEFAULT NULL
) ENGINE=InnoDB DEFAULT CHARSET=utf8;

/*Data for the table `testalter_tbl` */

/*Table structure for table `user` */

DROP TABLE IF EXISTS `user`;

CREATE TABLE `user` (
  `id` char(19) NOT NULL,
  `username` char(10) NOT NULL,
  `password` char(200) NOT NULL,
  `gmt_created` datetime NOT NULL,
  PRIMARY KEY (`id`)
) ENGINE=InnoDB DEFAULT CHARSET=utf8;

/*Data for the table `user` */

insert  into `user`(`id`,`username`,`password`,`gmt_created`) values ('1','krest','1234','0000-00-00 00:00:00'),('2','denny','12345678','0000-00-00 00:00:00'),('3','nacy','567890','0000-00-00 00:00:00');

/*Table structure for table `websites` */

DROP TABLE IF EXISTS `websites`;

CREATE TABLE `websites` (
  `id` char(19) NOT NULL,
  `name` char(20) DEFAULT NULL,
  `url` char(30) DEFAULT NULL,
  `alexa` char(30) DEFAULT NULL,
  `country` char(30) DEFAULT NULL,
  PRIMARY KEY (`id`)
) ENGINE=InnoDB DEFAULT CHARSET=utf8;

/*Data for the table `websites` */

insert  into `websites`(`id`,`name`,`url`,`alexa`,`country`) values ('1','google','https://www.google.cm/','1','USA'),('1394343697226768385','123','1','1','1'),('1394344137410584578','123','2','2','2'),('1394344137452527618','111','222','333','3333'),('1394344137523830785','213','213','321','3213'),('1394344137565773825','321','3213','321','312'),('1394344137590939649','123','312','312','312'),('1394535407282044929','1','1','1','1'),('2','淘宝','https://www.taobao.com/','13','cn'),('3','菜鸟教程','http://www.runoob.com/','234','cn'),('4','微博','http://weibo.com/','432','cn'),('5','Facebook','https://www.facebook.com/','53','cn'),('6','stackoverflow','http://stackoverflow.com/','432','cn');

/*!40101 SET SQL_MODE=@OLD_SQL_MODE */;
/*!40014 SET FOREIGN_KEY_CHECKS=@OLD_FOREIGN_KEY_CHECKS */;
/*!40014 SET UNIQUE_CHECKS=@OLD_UNIQUE_CHECKS */;
/*!40111 SET SQL_NOTES=@OLD_SQL_NOTES */;
